source_system,duplicate_key_definition,duplicate_business_key,duplicate_record_count,duplicate_source_record_ids,first_activity_month,last_activity_month,duplicate_group_activity_amount,duplicate_group_cost_usd,duplicate_group_metric_tons_co2e,source_record_id,activity_id,activity_month,scope,facility_id,product_line_id,activity_category,factor_type,activity_amount,activity_unit,cost_usd,evidence_reference,metric_tons_co2e,is_reportable_emissions_row,qa_status_label
electricity_bills,activity_month + facility_id + meter_number + invoice_number + activity_amount + activity_unit,549922f5f9c5476b1167bbbb2bf2e5d4,2,"10, 76",2025-02-01,2025-02-01,15428.4000,1601.48,3.2399640000000000,10,db4c3dd79a1c788ab7a0abe1cdafcb7f,2025-02-01,Scope 2,FAC005,,electricity,electricity_kwh,7714.2000,kwh,800.74,UTL-202502-FAC005,1.6199820000000000,t,✅ Reportable
electricity_bills,activity_month + facility_id + meter_number + invoice_number + activity_amount + activity_unit,549922f5f9c5476b1167bbbb2bf2e5d4,2,"10, 76",2025-02-01,2025-02-01,15428.4000,1601.48,3.2399640000000000,76,a7d284145222621055bc3798f96d89d2,2025-02-01,Scope 2,FAC005,,electricity,electricity_kwh,7714.2000,kwh,800.74,UTL-202502-FAC005,1.6199820000000000,t,✅ Reportable
electricity_bills,activity_month + facility_id + meter_number + invoice_number + activity_amount + activity_unit,d290361072c814315a87372a8e9afed1,2,"41, 77",2025-09-01,2025-09-01,93753.4800,8780.72,16.6881194400000000,41,1710a0437260611bed458df37fc82796,2025-09-01,Scope 2,FAC001,,electricity,electricity_kwh,46876.7400,kwh,4390.36,UTL-202509-FAC001,8.3440597200000000,t,✅ Reportable
electricity_bills,activity_month + facility_id + meter_number + invoice_number + activity_amount + activity_unit,d290361072c814315a87372a8e9afed1,2,"41, 77",2025-09-01,2025-09-01,93753.4800,8780.72,16.6881194400000000,77,3eaec8d03f814c02067d4a21346bc25c,2025-09-01,Scope 2,FAC001,,electricity,electricity_kwh,46876.7400,kwh,4390.36,UTL-202509-FAC001,8.3440597200000000,t,✅ Reportable
electricity_bills,activity_month + facility_id + meter_number + invoice_number + activity_amount + activity_unit,464cc0fe670599570f8da605769c2270,2,"49, 78",2025-10-01,2025-10-01,112983.4000,12331.54,57.8475008000000000,49,318da3551c536a654591697f6f925203,2025-10-01,Scope 2,FAC004,,electricity,electricity_kwh,56491.7000,kwh,6165.77,UTL-202510-FAC004,28.9237504000000000,t,✅ Reportable
electricity_bills,activity_month + facility_id + meter_number + invoice_number + activity_amount + activity_unit,464cc0fe670599570f8da605769c2270,2,"49, 78",2025-10-01,2025-10-01,112983.4000,12331.54,57.8475008000000000,78,e573f24ad86b3a3ca21c32df6e5e45c3,2025-10-01,Scope 2,FAC004,,electricity,electricity_kwh,56491.7000,kwh,6165.77,UTL-202510-FAC004,28.9237504000000000,t,✅ Reportable
fuel_usage,activity_month + facility_id + fuel_type + invoice_number + activity_amount + activity_unit,7a49a6e970597ec317d0363254c9a287,2,"14, 108",2025-02-01,2025-02-01,310.9800,1280.78,2.7646122000000000,14,119eb99a10c4cb3ad124d3a476039af2,2025-02-01,Scope 1,FAC005,,gasoline,gasoline_gallon,155.4900,gallon,640.39,FUEL-GAS-202502-FAC005,1.3823061000000000,t,✅ Reportable
fuel_usage,activity_month + facility_id + fuel_type + invoice_number + activity_amount + activity_unit,7a49a6e970597ec317d0363254c9a287,2,"14, 108",2025-02-01,2025-02-01,310.9800,1280.78,2.7646122000000000,108,86d85ab73cc0dea463f1e4c947933bfe,2025-02-01,Scope 1,FAC005,,gasoline,gasoline_gallon,155.4900,gallon,640.39,FUEL-GAS-202502-FAC005,1.3823061000000000,t,✅ Reportable
fuel_usage,activity_month + facility_id + fuel_type + invoice_number + activity_amount + activity_unit,f28a912db9400b368ea6542fe35b4490,2,"65, 107",2025-10-01,2025-10-01,1503.3600,2429.52,7.9828416000000000,65,428288886bf9175d57d55b080a05e980,2025-10-01,Scope 1,FAC002,,natural_gas,natural_gas_therm,751.6800,therm,1214.76,FUEL-NG-202510-FAC002,3.9914208000000000,t,✅ Reportable
fuel_usage,activity_month + facility_id + fuel_type + invoice_number + activity_amount + activity_unit,f28a912db9400b368ea6542fe35b4490,2,"65, 107",2025-10-01,2025-10-01,1503.3600,2429.52,7.9828416000000000,107,4a7aa944cad00135c5007dc40914dbfa,2025-10-01,Scope 1,FAC002,,natural_gas,natural_gas_therm,751.6800,therm,1214.76,FUEL-NG-202510-FAC002,3.9914208000000000,t,✅ Reportable
packaging_materials,activity_month + facility_id + product_line_id + material_type + invoice_number + activity_amount + activity_unit,c13d209cdd45be0e7e43fa82ad8c0fc9,2,"25, 546",2025-01-01,2025-01-01,522.8200,1080.28,0.62738400000000000000,25,f3d1031b29ef1332a2a215edb3ef864a,2025-01-01,Scope 3,FAC004,PL001,paper,packaging_paper_kg,261.4100,kg,540.14,PKG-202501-FAC004-PL001-PAP,0.31369200000000000000,t,✅ Reportable
packaging_materials,activity_month + facility_id + product_line_id + material_type + invoice_number + activity_amount + activity_unit,c13d209cdd45be0e7e43fa82ad8c0fc9,2,"25, 546",2025-01-01,2025-01-01,522.8200,1080.28,0.62738400000000000000,546,1e7473129f339eda8a27e35566c0da06,2025-01-01,Scope 3,FAC004,PL001,paper,packaging_paper_kg,261.4100,kg,540.14,PKG-202501-FAC004-PL001-PAP,0.31369200000000000000,t,✅ Reportable
packaging_materials,activity_month + facility_id + product_line_id + material_type + invoice_number + activity_amount + activity_unit,cacf0980a90e4452a69de7d0a3fd6ea4,2,"29, 554",2025-01-01,2025-01-01,719.6800,3694.92,1.90715200000000000000,29,6a29b054bba5bbc628c314a24ded9080,2025-01-01,Scope 3,FAC004,PL002,plastic,packaging_plastic_kg,359.8400,kg,1847.46,PKG-202501-FAC004-PL002-PLA,0.95357600000000000000,t,✅ Reportable
packaging_materials,activity_month + facility_id + product_line_id + material_type + invoice_number + activity_amount + activity_unit,cacf0980a90e4452a69de7d0a3fd6ea4,2,"29, 554",2025-01-01,2025-01-01,719.6800,3694.92,1.90715200000000000000,554,ea145cfd65ef693f07f7c1782b84d11d,2025-01-01,Scope 3,FAC004,PL002,plastic,packaging_plastic_kg,359.8400,kg,1847.46,PKG-202501-FAC004-PL002-PLA,0.95357600000000000000,t,✅ Reportable
packaging_materials,activity_month + facility_id + product_line_id + material_type + invoice_number + activity_amount + activity_unit,3a7c7645003411772e33e588601f3de4,2,"69, 552",2025-02-01,2025-02-01,4150.2000,3493.66,3.7766820000000000,69,b72271e81c63777b8649f693055774d0,2025-02-01,Scope 3,FAC004,PL003,glass,packaging_glass_kg,2075.1000,kg,1746.83,PKG-202502-FAC004-PL003-GLA,1.8883410000000000,t,✅ Reportable
packaging_materials,activity_month + facility_id + product_line_id + material_type + invoice_number + activity_amount + activity_unit,3a7c7645003411772e33e588601f3de4,2,"69, 552",2025-02-01,2025-02-01,4150.2000,3493.66,3.7766820000000000,552,6f8c6b72f77d06f7feb92d97de89bf8e,2025-02-01,Scope 3,FAC004,PL003,glass,packaging_glass_kg,2075.1000,kg,1746.83,PKG-202502-FAC004-PL003-GLA,1.8883410000000000,t,✅ Reportable
packaging_materials,activity_month + facility_id + product_line_id + material_type + invoice_number + activity_amount + activity_unit,cce58b852a13589fb9c11297ede46272,2,"92, 553",2025-03-01,2025-03-01,914.2400,2959.34,2.4227360000000000,92,d92258d317c82108594f66e242518eec,2025-03-01,Scope 3,FAC002,PL003,plastic,packaging_plastic_kg,457.1200,kg,1479.67,PKG-202503-FAC002-PL003-PLA,1.2113680000000000,t,✅ Reportable
packaging_materials,activity_month + facility_id + product_line_id + material_type + invoice_number + activity_amount + activity_unit,cce58b852a13589fb9c11297ede46272,2,"92, 553",2025-03-01,2025-03-01,914.2400,2959.34,2.4227360000000000,553,a3095ea2c03b09f1bf7e34d48ddcde1d,2025-03-01,Scope 3,FAC002,PL003,plastic,packaging_plastic_kg,457.1200,kg,1479.67,PKG-202503-FAC002-PL003-PLA,1.2113680000000000,t,✅ Reportable
packaging_materials,activity_month + facility_id + product_line_id + material_type + invoice_number + activity_amount + activity_unit,afee20d16976e08af4ef710c0c7985c1,2,"119, 555",2025-04-01,2025-04-01,661.7600,3580.30,1.75366400000000000000,119,a0d9c1e7fec0d341b1265488a5b5dbf0,2025-04-01,Scope 3,FAC001,PL004,plastic,packaging_plastic_kg,330.8800,kg,1790.15,PKG-202504-FAC001-PL004-PLA,0.87683200000000000000,t,✅ Reportable
packaging_materials,activity_month + facility_id + product_line_id + material_type + invoice_number + activity_amount + activity_unit,afee20d16976e08af4ef710c0c7985c1,2,"119, 555",2025-04-01,2025-04-01,661.7600,3580.30,1.75366400000000000000,555,722f68c63c49bd64c669cbe18343720a,2025-04-01,Scope 3,FAC001,PL004,plastic,packaging_plastic_kg,330.8800,kg,1790.15,PKG-202504-FAC001-PL004-PLA,0.87683200000000000000,t,✅ Reportable
packaging_materials,activity_month + facility_id + product_line_id + material_type + invoice_number + activity_amount + activity_unit,70d02bb9ab97bf292e253ad01260570a,2,"233, 562",2025-07-01,2025-07-01,905.1800,2493.34,2.3987270000000000,233,38be11c645dbcc7092a159546bb68407,2025-07-01,Scope 3,FAC002,PL002,plastic,packaging_plastic_kg,452.5900,kg,1246.67,PKG-202507-FAC002-PL002-PLA,1.1993635000000000,t,✅ Reportable
packaging_materials,activity_month + facility_id + product_line_id + material_type + invoice_number + activity_amount + activity_unit,70d02bb9ab97bf292e253ad01260570a,2,"233, 562",2025-07-01,2025-07-01,905.1800,2493.34,2.3987270000000000,562,fa7886be5798b9d6d4fbdc321b78ba29,2025-07-01,Scope 3,FAC002,PL002,plastic,packaging_plastic_kg,452.5900,kg,1246.67,PKG-202507-FAC002-PL002-PLA,1.1993635000000000,t,✅ Reportable
packaging_materials,activity_month + facility_id + product_line_id + material_type + invoice_number + activity_amount + activity_unit,a79b9b014d88210c61bc9302da938943,2,"285, 557",2025-08-01,2025-08-01,-4265.1600,1900.46,,285,4e7c561104d4d2229e02e21a67c7eecc,2025-08-01,Scope 3,FAC004,PL003,glass,packaging_glass_kg,-2132.5800,kg,950.23,PKG-202508-FAC004-PL003-GLA,,f,⚠️ Negative activity
packaging_materials,activity_month + facility_id + product_line_id + material_type + invoice_number + activity_amount + activity_unit,a79b9b014d88210c61bc9302da938943,2,"285, 557",2025-08-01,2025-08-01,-4265.1600,1900.46,,557,36e5f1f41ff698c4abc47efe6d798e23,2025-08-01,Scope 3,FAC004,PL003,glass,packaging_glass_kg,-2132.5800,kg,950.23,PKG-202508-FAC004-PL003-GLA,,f,⚠️ Negative activity
packaging_materials,activity_month + facility_id + product_line_id + material_type + invoice_number + activity_amount + activity_unit,1146ecd9edef3b03639fb4d238b3c9d3,2,"312, 544",2025-09-01,2025-09-01,4502.8000,1318.68,4.0975480000000000,312,09d8f30ae789e084325adb1ad723b6bb,2025-09-01,Scope 3,FAC002,PL004,glass,packaging_glass_kg,2251.4000,kg,659.34,PKG-202509-FAC002-PL004-GLA,2.0487740000000000,t,✅ Reportable
packaging_materials,activity_month + facility_id + product_line_id + material_type + invoice_number + activity_amount + activity_unit,1146ecd9edef3b03639fb4d238b3c9d3,2,"312, 544",2025-09-01,2025-09-01,4502.8000,1318.68,4.0975480000000000,544,3dad4e2f3c1e9db546b04546a15ed5f7,2025-09-01,Scope 3,FAC002,PL004,glass,packaging_glass_kg,2251.4000,kg,659.34,PKG-202509-FAC002-PL004-GLA,2.0487740000000000,t,✅ Reportable
packaging_materials,activity_month + facility_id + product_line_id + material_type + invoice_number + activity_amount + activity_unit,afa3c78f306bc7e3aa06dba49702f6af,2,"314, 560",2025-09-01,2025-09-01,906.9000,3286.86,2.4032850000000000,314,51c6b177492c3e15ae8e62ec0652fa01,2025-09-01,Scope 3,FAC004,PL001,plastic,packaging_plastic_kg,453.4500,kg,1643.43,PKG-202509-FAC004-PL001-PLA,1.2016425000000000,t,✅ Reportable
packaging_materials,activity_month + facility_id + product_line_id + material_type + invoice_number + activity_amount + activity_unit,afa3c78f306bc7e3aa06dba49702f6af,2,"314, 560",2025-09-01,2025-09-01,906.9000,3286.86,2.4032850000000000,560,a06aaf133ff9bf2f2a11d58bd8ae3d6d,2025-09-01,Scope 3,FAC004,PL001,plastic,packaging_plastic_kg,453.4500,kg,1643.43,PKG-202509-FAC004-PL001-PLA,1.2016425000000000,t,✅ Reportable
packaging_materials,activity_month + facility_id + product_line_id + material_type + invoice_number + activity_amount + activity_unit,3b654176da978b594e9d64c268576457,2,"358, 545",2025-10-01,2025-10-01,650.1800,2004.18,0.78021600000000000000,358,9698140676caa0e891673af00392e991,2025-10-01,Scope 3,FAC004,PL004,paper,packaging_paper_kg,325.0900,kg,1002.09,PKG-202510-FAC004-PL004-PAP,0.39010800000000000000,t,✅ Reportable
packaging_materials,activity_month + facility_id + product_line_id + material_type + invoice_number + activity_amount + activity_unit,3b654176da978b594e9d64c268576457,2,"358, 545",2025-10-01,2025-10-01,650.1800,2004.18,0.78021600000000000000,545,1d02521cfa71d513694fc09852445428,2025-10-01,Scope 3,FAC004,PL004,paper,packaging_paper_kg,325.0900,kg,1002.09,PKG-202510-FAC004-PL004-PAP,0.39010800000000000000,t,✅ Reportable
packaging_materials,activity_month + facility_id + product_line_id + material_type + invoice_number + activity_amount + activity_unit,6d109909a7281d62ea7c83c6eefac828,2,"376, 547",2025-11-01,2025-11-01,639.3000,2425.00,0.76716000000000000000,376,bfcfbb4e8f41e290d06b7e6db166014d,2025-11-01,Scope 3,FAC002,PL002,paper,packaging_paper_kg,319.6500,kg,1212.50,PKG-202511-FAC002-PL002-PAP,0.38358000000000000000,t,✅ Reportable
packaging_materials,activity_month + facility_id + product_line_id + material_type + invoice_number + activity_amount + activity_unit,6d109909a7281d62ea7c83c6eefac828,2,"376, 547",2025-11-01,2025-11-01,639.3000,2425.00,0.76716000000000000000,547,05e4c604f05bc9b6024d1d8a91fb0124,2025-11-01,Scope 3,FAC002,PL002,paper,packaging_paper_kg,319.6500,kg,1212.50,PKG-202511-FAC002-PL002-PAP,0.38358000000000000000,t,✅ Reportable
packaging_materials,activity_month + facility_id + product_line_id + material_type + invoice_number + activity_amount + activity_unit,837ef97f1d39a3fefe73d75bf72b7443,2,"372, 561",2025-11-01,2025-11-01,5381.6600,1737.18,4.8973106000000000,372,392a7413b1234a9ba3186e5fbda0dc3a,2025-11-01,Scope 3,FAC001,PL004,glass,packaging_glass_kg,2690.8300,kg,868.59,PKG-202511-FAC001-PL004-GLA,2.4486553000000000,t,✅ Reportable
packaging_materials,activity_month + facility_id + product_line_id + material_type + invoice_number + activity_amount + activity_unit,837ef97f1d39a3fefe73d75bf72b7443,2,"372, 561",2025-11-01,2025-11-01,5381.6600,1737.18,4.8973106000000000,561,b6b5bcbd97691e8cb21e28bf35979a4d,2025-11-01,Scope 3,FAC001,PL004,glass,packaging_glass_kg,2690.8300,kg,868.59,PKG-202511-FAC001-PL004-GLA,2.4486553000000000,t,✅ Reportable
packaging_materials,activity_month + facility_id + product_line_id + material_type + invoice_number + activity_amount + activity_unit,5443bf0ef4071fa42bf1f82a6d0d3e74,2,"466, 541",2026-01-01,2026-01-01,498.0600,2577.92,0.59767200000000000000,466,91a3cad12a35da9ead184c2eef7a314c,2026-01-01,Scope 3,FAC004,PL004,paper,packaging_paper_kg,249.0300,kg,1288.96,PKG-202601-FAC004-PL004-PAP,0.29883600000000000000,t,✅ Reportable
packaging_materials,activity_month + facility_id + product_line_id + material_type + invoice_number + activity_amount + activity_unit,5443bf0ef4071fa42bf1f82a6d0d3e74,2,"466, 541",2026-01-01,2026-01-01,498.0600,2577.92,0.59767200000000000000,541,e157aa7744f0292d8d4fa03bcb2d56df,2026-01-01,Scope 3,FAC004,PL004,paper,packaging_paper_kg,249.0300,kg,1288.96,PKG-202601-FAC004-PL004-PAP,0.29883600000000000000,t,✅ Reportable
packaging_materials,activity_month + facility_id + product_line_id + material_type + invoice_number + activity_amount + activity_unit,92f3716db1a20e4ec051a44fb1ff3194,2,"445, 551",2026-01-01,2026-01-01,437.1600,1404.44,0.52459200000000000000,445,11c756096ec7c906a07251edec5e8bef,2026-01-01,Scope 3,FAC002,PL001,paper,packaging_paper_kg,218.5800,kg,702.22,PKG-202601-FAC002-PL001-PAP,0.26229600000000000000,t,✅ Reportable
packaging_materials,activity_month + facility_id + product_line_id + material_type + invoice_number + activity_amount + activity_unit,92f3716db1a20e4ec051a44fb1ff3194,2,"445, 551",2026-01-01,2026-01-01,437.1600,1404.44,0.52459200000000000000,551,e0a88d63fe64c512c0a1f0463fade7b4,2026-01-01,Scope 3,FAC002,PL001,paper,packaging_paper_kg,218.5800,kg,702.22,PKG-202601-FAC002-PL001-PAP,0.26229600000000000000,t,✅ Reportable
packaging_materials,activity_month + facility_id + product_line_id + material_type + invoice_number + activity_amount + activity_unit,9dc2d356d10fb69e3352743ca4889965,2,"456, 548",2026-01-01,2026-01-01,4626.6600,4164.28,4.2102606000000000,456,52930bf73f157634bd4667836e08182c,2026-01-01,Scope 3,FAC002,PL004,glass,packaging_glass_kg,2313.3300,kg,2082.14,PKG-202601-FAC002-PL004-GLA,2.1051303000000000,t,✅ Reportable
packaging_materials,activity_month + facility_id + product_line_id + material_type + invoice_number + activity_amount + activity_unit,9dc2d356d10fb69e3352743ca4889965,2,"456, 548",2026-01-01,2026-01-01,4626.6600,4164.28,4.2102606000000000,548,9a9c9f5e557f9c8899e37db37a1a2b6a,2026-01-01,Scope 3,FAC002,PL004,glass,packaging_glass_kg,2313.3300,kg,2082.14,PKG-202601-FAC002-PL004-GLA,2.1051303000000000,t,✅ Reportable
packaging_materials,activity_month + facility_id + product_line_id + material_type + invoice_number + activity_amount + activity_unit,a7569658b0291a13096eb246942af2d2,2,"452, 543",2026-01-01,2026-01-01,849.5200,2728.66,2.2512280000000000,452,f083f5b07c9253c0f887ac729c607af1,2026-01-01,Scope 3,FAC002,PL003,plastic,packaging_plastic_kg,424.7600,kg,1364.33,PKG-202601-FAC002-PL003-PLA,1.1256140000000000,t,✅ Reportable
packaging_materials,activity_month + facility_id + product_line_id + material_type + invoice_number + activity_amount + activity_unit,a7569658b0291a13096eb246942af2d2,2,"452, 543",2026-01-01,2026-01-01,849.5200,2728.66,2.2512280000000000,543,aad983810d9aa4b509b36e4d3aa87069,2026-01-01,Scope 3,FAC002,PL003,plastic,packaging_plastic_kg,424.7600,kg,1364.33,PKG-202601-FAC002-PL003-PLA,1.1256140000000000,t,✅ Reportable
packaging_materials,activity_month + facility_id + product_line_id + material_type + invoice_number + activity_amount + activity_unit,e5031932119e0258eae5aac2b1bd3741,2,"497, 556",2026-02-01,2026-02-01,736.7600,3593.08,1.95241400000000000000,497,1081d49742cb57c4b97e46953bd9cfcc,2026-02-01,Scope 3,FAC004,PL002,plastic,packaging_plastic_kg,368.3800,kg,1796.54,PKG-202602-FAC004-PL002-PLA,0.97620700000000000000,t,✅ Reportable
packaging_materials,activity_month + facility_id + product_line_id + material_type + invoice_number + activity_amount + activity_unit,e5031932119e0258eae5aac2b1bd3741,2,"497, 556",2026-02-01,2026-02-01,736.7600,3593.08,1.95241400000000000000,556,8bb33553dfd2a4b61c38fe158bb5267e,2026-02-01,Scope 3,FAC004,PL002,plastic,packaging_plastic_kg,368.3800,kg,1796.54,PKG-202602-FAC004-PL002-PLA,0.97620700000000000000,t,✅ Reportable
packaging_materials,activity_month + facility_id + product_line_id + material_type + invoice_number + activity_amount + activity_unit,ff8b708b7d2c89ca2b52a56fa92ca332,2,"537, 542",2026-03-01,2026-03-01,5760.7400,2617.58,5.2422734000000000,537,a1a94fe932e2b0fb1f8c78f5d82e7707,2026-03-01,Scope 3,FAC004,PL003,glass,packaging_glass_kg,2880.3700,kg,1308.79,PKG-202603-FAC004-PL003-GLA,2.6211367000000000,t,✅ Reportable
packaging_materials,activity_month + facility_id + product_line_id + material_type + invoice_number + activity_amount + activity_unit,ff8b708b7d2c89ca2b52a56fa92ca332,2,"537, 542",2026-03-01,2026-03-01,5760.7400,2617.58,5.2422734000000000,542,82a4149c220f4a09552e00ff8d204b19,2026-03-01,Scope 3,FAC004,PL003,glass,packaging_glass_kg,2880.3700,kg,1308.79,PKG-202603-FAC004-PL003-GLA,2.6211367000000000,t,✅ Reportable
shipping_miles,shipment_id,7db3627faa4a1697e30c6df2032c4de6,2,"79, 1719",2025-01-01,2025-01-01,468.0160,1724.20,0.07675462400000000000,79,35b07ce24d67ade97477f58b082eb954,2025-01-01,Scope 3,FAC002,PL003,truck,freight_truck_ton_mile,234.0080,ton_mile,862.10,SHP-GHG-202501-0078,0.03837731200000000000,t,✅ Reportable
shipping_miles,shipment_id,7db3627faa4a1697e30c6df2032c4de6,2,"79, 1719",2025-01-01,2025-01-01,468.0160,1724.20,0.07675462400000000000,1719,7181e12641d5731c8db86251d41825ff,2025-01-01,Scope 3,FAC002,PL003,truck,freight_truck_ton_mile,234.0080,ton_mile,862.10,SHP-GHG-202501-0078,0.03837731200000000000,t,✅ Reportable
shipping_miles,shipment_id,83b6b430a2aca510ef43e9ce340b1126,2,"81, 1691",2025-01-01,2025-01-01,128.1708,3642.84,0.14124422160000000000,81,e477f0e187b746ca2a5882606a7e28d1,2025-01-01,Scope 3,FAC003,PL002,air,freight_air_ton_mile,64.0854,ton_mile,1821.42,SHP-GHG-202501-0080,0.07062211080000000000,t,✅ Reportable
shipping_miles,shipment_id,83b6b430a2aca510ef43e9ce340b1126,2,"81, 1691",2025-01-01,2025-01-01,128.1708,3642.84,0.14124422160000000000,1691,9a6deb57c7e49cba889590962f21465f,2025-01-01,Scope 3,FAC003,PL002,air,freight_air_ton_mile,64.0854,ton_mile,1821.42,SHP-GHG-202501-0080,0.07062211080000000000,t,✅ Reportable
shipping_miles,shipment_id,901d64e9e1fae7c79be6b465342dee37,2,"103, 1667",2025-01-01,2025-01-01,421.4544,2537.84,0.06911852160000000000,103,6e9d3ac93da9fddeeb7c44a4286cd48d,2025-01-01,Scope 3,FAC003,PL001,truck,freight_truck_ton_mile,210.7272,ton_mile,1268.92,SHP-GHG-202501-0102,0.03455926080000000000,t,✅ Reportable
shipping_miles,shipment_id,901d64e9e1fae7c79be6b465342dee37,2,"103, 1667",2025-01-01,2025-01-01,421.4544,2537.84,0.06911852160000000000,1667,d14468ddb91e9caed82a272e34d38a52,2025-01-01,Scope 3,FAC003,PL001,truck,freight_truck_ton_mile,210.7272,ton_mile,1268.92,SHP-GHG-202501-0102,0.03455926080000000000,t,✅ Reportable
shipping_miles,shipment_id,9d894cb806efa7d826847f2f225daa63,2,"13, 1685",2025-01-01,2025-01-01,336.2976,3607.62,0.37059995520000000000,13,a9ca8a14fc071569bbe07a07835733d9,2025-01-01,Scope 3,FAC002,PL003,air,freight_air_ton_mile,168.1488,ton_mile,1803.81,SHP-GHG-202501-0012,0.18529997760000000000,t,✅ Reportable
shipping_miles,shipment_id,9d894cb806efa7d826847f2f225daa63,2,"13, 1685",2025-01-01,2025-01-01,336.2976,3607.62,0.37059995520000000000,1685,17b06dc734bf55e1c393cc4084e1149a,2025-01-01,Scope 3,FAC002,,air,freight_air_ton_mile,168.1488,ton_mile,1803.81,SHP-GHG-202501-0012,0.18529997760000000000,t,✅ Reportable
shipping_miles,shipment_id,d107d30aa7df13647563e526a4e760bc,2,"96, 1655",2025-01-01,2025-01-01,574.8316,1818.52,0.09427238240000000000,96,00d16e9f247c2cf5cbab791bdd53126f,2025-01-01,Scope 3,FAC004,PL002,truck,freight_truck_ton_mile,287.4158,ton_mile,909.26,SHP-GHG-202501-0095,0.04713619120000000000,t,✅ Reportable
shipping_miles,shipment_id,d107d30aa7df13647563e526a4e760bc,2,"96, 1655",2025-01-01,2025-01-01,574.8316,1818.52,0.09427238240000000000,1655,867ced2636e7e93124231bc1ec7b3b1a,2025-01-01,Scope 3,FAC004,PL002,truck,freight_truck_ton_mile,287.4158,ton_mile,909.26,SHP-GHG-202501-0095,0.04713619120000000000,t,✅ Reportable
shipping_miles,shipment_id,da174e8bdd424455b81ab4fd0f4d4ee4,2,"24, 1706",2025-01-01,2025-01-01,740.7486,2682.72,0.12148277040000000000,24,63995c220fdff7ef91767d4ce3bd4c38,2025-01-01,Scope 3,FAC002,PL002,truck,freight_truck_ton_mile,370.3743,ton_mile,1341.36,SHP-GHG-202501-0023,0.06074138520000000000,t,✅ Reportable
shipping_miles,shipment_id,da174e8bdd424455b81ab4fd0f4d4ee4,2,"24, 1706",2025-01-01,2025-01-01,740.7486,2682.72,0.12148277040000000000,1706,466944f706f5d082434d026d60356edd,2025-01-01,Scope 3,FAC002,PL002,truck,freight_truck_ton_mile,370.3743,ton_mile,1341.36,SHP-GHG-202501-0023,0.06074138520000000000,t,✅ Reportable
shipping_miles,shipment_id,e85af3b13d58c221c37da11169775686,2,"34, 1707",2025-01-01,2025-01-01,509.9088,3020.02,0.08362504320000000000,34,69a8ca093f3236fc5ce23eb2a560a25e,2025-01-01,Scope 3,FAC002,PL002,truck,freight_truck_ton_mile,254.9544,ton_mile,1510.01,SHP-GHG-202501-0033,0.04181252160000000000,t,✅ Reportable
shipping_miles,shipment_id,e85af3b13d58c221c37da11169775686,2,"34, 1707",2025-01-01,2025-01-01,509.9088,3020.02,0.08362504320000000000,1707,c4f4b656eb9d62a78576d554fe3cd647,2025-01-01,Scope 3,FAC002,PL002,truck,freight_truck_ton_mile,254.9544,ton_mile,1510.01,SHP-GHG-202501-0033,0.04181252160000000000,t,✅ Reportable
shipping_miles,shipment_id,1f4a08f79528662974ef3560fed4b852,2,"198, 1695",2025-02-01,2025-02-01,0.0000,3796.62,0.07852554460000000000,198,97a005d117ff2b57a8819a936bf83d04,2025-02-01,Scope 3,FAC004,PL003,air,freight_air_ton_mile,71.2573,ton_mile,1898.31,SHP-GHG-202502-0076,0.07852554460000000000,t,✅ Reportable
shipping_miles,shipment_id,1f4a08f79528662974ef3560fed4b852,2,"198, 1695",2025-02-01,2025-02-01,0.0000,3796.62,0.07852554460000000000,1695,a8cd64b5c42e78ea21f63ae72d6a82a7,2025-02-01,Scope 3,FAC004,PL003,air,freight_air_ton_mile,-71.2573,ton_mile,1898.31,SHP-GHG-202502-0076,,f,⚠️ Negative activity
shipping_miles,shipment_id,662bbd0b96080e54f5ba35aee5d6626b,2,"130, 1661",2025-02-01,2025-02-01,765.2086,3882.84,0.12549421040000000000,130,9966fce558eb7a464c2bcccabc74b62d,2025-02-01,Scope 3,FAC003,PL002,truck,freight_truck_ton_mile,382.6043,ton_mile,1941.42,SHP-GHG-202502-0008,0.06274710520000000000,t,✅ Reportable
shipping_miles,shipment_id,662bbd0b96080e54f5ba35aee5d6626b,2,"130, 1661",2025-02-01,2025-02-01,765.2086,3882.84,0.12549421040000000000,1661,aa2c13a573bcd574ffb532a472a82a84,2025-02-01,Scope 3,FAC003,PL002,truck,freight_truck_ton_mile,382.6043,ton_mile,1941.42,SHP-GHG-202502-0008,0.06274710520000000000,t,✅ Reportable
shipping_miles,shipment_id,905999966806c37501ce6123f39ac8ce,2,"220, 1696",2025-02-01,2025-02-01,873.7150,3235.32,0.14328926000000000000,220,d6fb79b4891dd9ee263ed2d6d4bc5186,2025-02-01,Scope 3,FAC004,PL003,truck,freight_truck_ton_mile,436.8575,ton_mile,1617.66,SHP-GHG-202502-0098,0.07164463000000000000,t,✅ Reportable
shipping_miles,shipment_id,905999966806c37501ce6123f39ac8ce,2,"220, 1696",2025-02-01,2025-02-01,873.7150,3235.32,0.14328926000000000000,1696,6e6dda407323189c424c876d88aa4e64,2025-02-01,Scope 3,FAC004,PL003,truck,freight_truck_ton_mile,436.8575,ton_mile,1617.66,SHP-GHG-202502-0098,0.07164463000000000000,t,✅ Reportable
shipping_miles,shipment_id,cd1ce1e1c77e4003f6d40feeb2685ca4,2,"212, 1699",2025-02-01,2025-02-01,591.2432,2899.10,0.09696388480000000000,212,c4d14e250cf189b1fca84e15bafbcf65,2025-02-01,Scope 3,FAC003,PL002,truck,freight_truck_ton_mile,295.6216,ton_mile,1449.55,SHP-GHG-202502-0090,0.04848194240000000000,t,✅ Reportable
shipping_miles,shipment_id,cd1ce1e1c77e4003f6d40feeb2685ca4,2,"212, 1699",2025-02-01,2025-02-01,591.2432,2899.10,0.09696388480000000000,1699,c9b5aa83246c25fa674a8d8d9468ec00,2025-02-01,Scope 3,FAC003,PL002,truck,freight_truck_ton_mile,295.6216,ton_mile,1449.55,SHP-GHG-202502-0090,0.04848194240000000000,t,✅ Reportable
shipping_miles,shipment_id,1ce75af57abe8484aa000e1b07c0dd0f,2,"243, 1662",2025-03-01,2025-03-01,253.4480,6916.76,0.27929969600000000000,243,85122b7bba722573f1cb434a81dc1642,2025-03-01,Scope 3,FAC001,PL002,air,freight_air_ton_mile,126.7240,ton_mile,3458.38,SHP-GHG-202503-0021,0.13964984800000000000,t,✅ Reportable
shipping_miles,shipment_id,1ce75af57abe8484aa000e1b07c0dd0f,2,"243, 1662",2025-03-01,2025-03-01,253.4480,6916.76,0.27929969600000000000,1662,77f05ef08e1648e29acfcb3c2e6b4d78,2025-03-01,Scope 3,FAC001,PL002,air,freight_air_ton_mile,126.7240,ton_mile,3458.38,SHP-GHG-202503-0021,0.13964984800000000000,t,✅ Reportable
shipping_miles,shipment_id,4675bddbf98af1ef884c1298a394b39e,2,"250, 1684",2025-03-01,2025-03-01,920.0038,3792.00,0.15088062320000000000,250,2604cd11676ce2730ac1d4510b084a6a,2025-03-01,Scope 3,FAC002,PL002,truck,freight_truck_ton_mile,460.0019,ton_mile,1896.00,SHP-GHG-202503-0028,0.07544031160000000000,t,✅ Reportable
shipping_miles,shipment_id,4675bddbf98af1ef884c1298a394b39e,2,"250, 1684",2025-03-01,2025-03-01,920.0038,3792.00,0.15088062320000000000,1684,70d38e0e93aedc172422ed51763c50f0,2025-03-01,Scope 3,FAC002,PL002,truck,freight_truck_ton_mile,460.0019,ton_mile,1896.00,SHP-GHG-202503-0028,0.07544031160000000000,t,✅ Reportable
shipping_miles,shipment_id,09bd6f5d4e700aae8fdcb9913e5ffcf4,2,"370, 1700",2025-04-01,2025-04-01,498.4554,1800.70,0.08174668560000000000,370,09978519b37f139fcf0941e91927fd5b,2025-04-01,Scope 3,FAC003,PL003,truck,freight_truck_ton_mile,249.2277,ton_mile,900.35,SHP-GHG-202504-0043,0.04087334280000000000,t,✅ Reportable
shipping_miles,shipment_id,09bd6f5d4e700aae8fdcb9913e5ffcf4,2,"370, 1700",2025-04-01,2025-04-01,498.4554,1800.70,0.08174668560000000000,1700,e906cc29f1e901c42361cea00fdebbd3,2025-04-01,Scope 3,FAC003,PL003,truck,freight_truck_ton_mile,249.2277,ton_mile,900.35,SHP-GHG-202504-0043,0.04087334280000000000,t,✅ Reportable
shipping_miles,shipment_id,3a18681994c017e9611ffbf5e0eba646,2,"421, 1702",2025-04-01,2025-04-01,491.8674,1425.04,0.08066625360000000000,421,4dcd354557fd2029cccb6f035495e3ac,2025-04-01,Scope 3,FAC003,PL003,truck,freight_truck_ton_mile,245.9337,ton_mile,712.52,SHP-GHG-202504-0094,0.04033312680000000000,t,✅ Reportable
shipping_miles,shipment_id,3a18681994c017e9611ffbf5e0eba646,2,"421, 1702",2025-04-01,2025-04-01,491.8674,1425.04,0.08066625360000000000,1702,287db9f3a6fb7df262d9b8fa047b9160,2025-04-01,Scope 3,FAC003,PL003,truck,freight_truck_ton_mile,245.9337,ton_mile,712.52,SHP-GHG-202504-0094,0.04033312680000000000,t,✅ Reportable
shipping_miles,shipment_id,4707629ee3ce9b8ab5deb8d8d86e24dc,2,"413, 1717",2025-04-01,2025-04-01,731.0104,3261.66,0.11988570560000000000,413,0ab61c6f1fd0fa0cb6079c590ecc3bc2,2025-04-01,Scope 3,FAC002,PL002,truck,freight_truck_ton_mile,365.5052,ton_mile,1630.83,SHP-GHG-202504-0086,0.05994285280000000000,t,✅ Reportable
shipping_miles,shipment_id,4707629ee3ce9b8ab5deb8d8d86e24dc,2,"413, 1717",2025-04-01,2025-04-01,731.0104,3261.66,0.11988570560000000000,1717,c4015c49a2fabe7df88671da221c8e2c,2025-04-01,Scope 3,FAC002,PL002,truck,freight_truck_ton_mile,365.5052,ton_mile,1630.83,SHP-GHG-202504-0086,0.05994285280000000000,t,✅ Reportable
shipping_miles,shipment_id,a9d99cd35fed4431dfc778b5b7058800,2,"398, 1705",2025-04-01,2025-04-01,776.3712,5411.78,0.85556106240000000000,398,bf8f4ec9c7bbe1984a72ca6204b559bb,2025-04-01,Scope 3,,PL001,air,freight_air_ton_mile,388.1856,ton_mile,2705.89,SHP-GHG-202504-0071,0.42778053120000000000,f,⚠️ Missing facility ID
shipping_miles,shipment_id,a9d99cd35fed4431dfc778b5b7058800,2,"398, 1705",2025-04-01,2025-04-01,776.3712,5411.78,0.85556106240000000000,1705,9833890bd48243333dac4470b932f660,2025-04-01,Scope 3,FAC001,PL001,air,freight_air_ton_mile,388.1856,ton_mile,2705.89,SHP-GHG-202504-0071,0.42778053120000000000,t,✅ Reportable
shipping_miles,shipment_id,d82d46d227d73c37956c853280c99521,2,"401, 1666",2025-04-01,2025-04-01,438.1824,982.94,0.07186191360000000000,401,a4b4222f2655150b651cd702033235e6,2025-04-01,Scope 3,,PL003,truck,freight_truck_ton_mile,219.0912,ton_mile,491.47,SHP-GHG-202504-0074,0.03593095680000000000,f,⚠️ Missing facility ID
shipping_miles,shipment_id,d82d46d227d73c37956c853280c99521,2,"401, 1666",2025-04-01,2025-04-01,438.1824,982.94,0.07186191360000000000,1666,74bab933121006e943e3bb133a526d48,2025-04-01,Scope 3,FAC001,PL003,truck,freight_truck_ton_mile,219.0912,ton_mile,491.47,SHP-GHG-202504-0074,0.03593095680000000000,t,✅ Reportable
shipping_miles,shipment_id,2f31bd71866b15a143a8dfba3ce5c7e9,2,"532, 1658",2025-05-01,2025-05-01,568.1736,2493.34,0.09318047040000000000,532,1164cbc16ae3ffe9feb4d0d4f5313dc0,2025-05-01,Scope 3,FAC004,PL002,truck,freight_truck_ton_mile,284.0868,ton_mile,1246.67,SHP-GHG-202505-0104,0.04659023520000000000,t,✅ Reportable
shipping_miles,shipment_id,2f31bd71866b15a143a8dfba3ce5c7e9,2,"532, 1658",2025-05-01,2025-05-01,568.1736,2493.34,0.09318047040000000000,1658,6f4714c4253f304a1bf3ab64d256b48a,2025-05-01,Scope 3,FAC004,PL002,truck,freight_truck_ton_mile,284.0868,ton_mile,1246.67,SHP-GHG-202505-0104,0.04659023520000000000,t,✅ Reportable
shipping_miles,shipment_id,b0f47a80dfd5ccbbe46d9fdc0f5f2c1a,2,"460, 1678",2025-05-01,2025-05-01,480.3656,2334.18,0.07877995840000000000,460,62233e9bd0e9e8fbce2b13d2fe9f8365,2025-05-01,Scope 3,FAC001,PL003,truck,freight_truck_ton_mile,240.1828,ton_mile,1167.09,SHP-GHG-202505-0032,0.03938997920000000000,t,✅ Reportable
shipping_miles,shipment_id,b0f47a80dfd5ccbbe46d9fdc0f5f2c1a,2,"460, 1678",2025-05-01,2025-05-01,480.3656,2334.18,0.07877995840000000000,1678,1e94a7a7bb03f4ca650f3651b0f3bb0e,2025-05-01,Scope 3,FAC001,PL003,truck,freight_truck_ton_mile,240.1828,ton_mile,1167.09,SHP-GHG-202505-0032,0.03938997920000000000,t,✅ Reportable
shipping_miles,shipment_id,e87bdc6cdcfd1143cf8baed2db211b2b,2,"540, 1672",2025-05-01,2025-05-01,970.7174,3738.58,0.15919765360000000000,540,5673711140b028d0713637e36bd9bcab,2025-05-01,Scope 3,FAC003,PL003,truck,freight_truck_ton_mile,485.3587,ton_mile,1869.29,SHP-GHG-202505-0112,0.07959882680000000000,t,✅ Reportable
shipping_miles,shipment_id,e87bdc6cdcfd1143cf8baed2db211b2b,2,"540, 1672",2025-05-01,2025-05-01,970.7174,3738.58,0.15919765360000000000,1672,ab8bf37242455853f5a509ec429aedb3,2025-05-01,Scope 3,FAC003,PL003,truck,freight_truck_ton_mile,485.3587,ton_mile,1869.29,SHP-GHG-202505-0112,0.07959882680000000000,t,✅ Reportable
shipping_miles,shipment_id,449ea93af3482aa4e722ac61044439f8,2,"644, 1660",2025-06-01,2025-06-01,36.0872,5591.60,0.03976809440000000000,644,31de0441db8d6cbb33887fea5db25778,2025-06-01,Scope 3,FAC002,PL001,air,freight_air_ton_mile,18.0436,ton_mile,2795.80,SHP-GHG-202506-0102,0.01988404720000000000,t,✅ Reportable
shipping_miles,shipment_id,449ea93af3482aa4e722ac61044439f8,2,"644, 1660",2025-06-01,2025-06-01,36.0872,5591.60,0.03976809440000000000,1660,ffd60f8a4dc05cd42a96b1a01e6230c8,2025-06-01,Scope 3,FAC002,PL001,air,freight_air_ton_mile,18.0436,ton_mile,2795.80,SHP-GHG-202506-0102,0.01988404720000000000,t,✅ Reportable
shipping_miles,shipment_id,5a977fadc692663e37c8d9df80fe0d15,2,"651, 1687",2025-06-01,2025-06-01,177.0550,1023.14,0.02903702000000000000,651,a3a72d6e8b0a4c74dd830d9484e46103,2025-06-01,Scope 3,FAC004,PL003,truck,freight_truck_ton_mile,88.5275,ton_mile,511.57,SHP-GHG-202506-0109,0.01451851000000000000,t,✅ Reportable
shipping_miles,shipment_id,5a977fadc692663e37c8d9df80fe0d15,2,"651, 1687",2025-06-01,2025-06-01,177.0550,1023.14,0.02903702000000000000,1687,28591c0241377de4c748321243991622,2025-06-01,Scope 3,FAC004,PL003,truck,freight_truck_ton_mile,88.5275,ton_mile,511.57,SHP-GHG-202506-0109,0.01451851000000000000,t,✅ Reportable
shipping_miles,shipment_id,7b4a01a3c29bdbb9cd3ed893cc1bc2bf,2,"558, 1718",2025-06-01,2025-06-01,795.3264,3955.84,0.13043352960000000000,558,87fa519f15b8d9451fe3b6c0ec056ec3,2025-06-01,Scope 3,FAC004,PL003,truck,freight_truck_ton_mile,397.6632,ton_mile,1977.92,SHP-GHG-202506-0016,0.06521676480000000000,t,✅ Reportable
shipping_miles,shipment_id,7b4a01a3c29bdbb9cd3ed893cc1bc2bf,2,"558, 1718",2025-06-01,2025-06-01,795.3264,3955.84,0.13043352960000000000,1718,f40b1ea7e20d4f6d9650629c9f3fb828,2025-06-01,Scope 3,FAC004,PL003,truck,freight_truck_ton_mile,397.6632,ton_mile,1977.92,SHP-GHG-202506-0016,0.06521676480000000000,t,✅ Reportable
shipping_miles,shipment_id,c019cd7323bd7f4ffec0e4cf1b81df5e,2,"632, 1679",2025-06-01,2025-06-01,153.3672,575.38,0.02515222080000000000,632,69acff436d1c74111f6df3cc1afaab5d,2025-06-01,Scope 3,FAC004,PL001,truck,freight_truck_ton_mile,76.6836,ton_mile,287.69,SHP-GHG-202506-0090,0.01257611040000000000,t,✅ Reportable
shipping_miles,shipment_id,c019cd7323bd7f4ffec0e4cf1b81df5e,2,"632, 1679",2025-06-01,2025-06-01,153.3672,575.38,0.02515222080000000000,1679,0324030baf2f9cd4e6d7c43b791bb058,2025-06-01,Scope 3,FAC004,PL001,truck,freight_truck_ton_mile,76.6836,ton_mile,287.69,SHP-GHG-202506-0090,0.01257611040000000000,t,✅ Reportable
shipping_miles,shipment_id,5df8838ab5fa89deaf32d82306f015db,2,"693, 1710",2025-07-01,2025-07-01,638.8548,3322.88,0.10477218720000000000,693,0a7c71226d1c0ae60a810761a1c740f8,2025-07-01,Scope 3,FAC003,PL003,truck,freight_truck_ton_mile,319.4274,ton_mile,1661.44,SHP-GHG-202507-0036,0.05238609360000000000,t,✅ Reportable
shipping_miles,shipment_id,5df8838ab5fa89deaf32d82306f015db,2,"693, 1710",2025-07-01,2025-07-01,638.8548,3322.88,0.10477218720000000000,1710,f9e771c6e9764b367e6ffa586840491a,2025-07-01,Scope 3,FAC003,PL003,truck,freight_truck_ton_mile,319.4274,ton_mile,1661.44,SHP-GHG-202507-0036,0.05238609360000000000,t,✅ Reportable
shipping_miles,shipment_id,ebf02dc34992a3c6cdfe550dd50297d0,2,"686, 1683",2025-07-01,2025-07-01,776.5404,2352.16,0.12735262560000000000,686,f2f8238b47548d7985a2789a5dee36ae,2025-07-01,Scope 3,FAC002,PL003,truck,freight_truck_ton_mile,388.2702,ton_mile,1176.08,SHP-GHG-202507-0029,0.06367631280000000000,t,✅ Reportable
shipping_miles,shipment_id,ebf02dc34992a3c6cdfe550dd50297d0,2,"686, 1683",2025-07-01,2025-07-01,776.5404,2352.16,0.12735262560000000000,1683,3815907dddcf58c23833104c6a77a56d,2025-07-01,Scope 3,FAC002,PL003,truck,freight_truck_ton_mile,388.2702,ton_mile,1176.08,SHP-GHG-202507-0029,0.06367631280000000000,t,✅ Reportable
shipping_miles,shipment_id,4f45d5c76b72c9e70d30159ffc7119d4,2,"793, 1690",2025-08-01,2025-08-01,353.6420,1644.90,0.05799728800000000000,793,b745e97523960badf5ecec036a57e27a,2025-08-01,Scope 3,FAC003,PL001,truck,freight_truck_ton_mile,176.8210,ton_mile,822.45,SHP-GHG-202508-0031,0.02899864400000000000,t,✅ Reportable
shipping_miles,shipment_id,4f45d5c76b72c9e70d30159ffc7119d4,2,"793, 1690",2025-08-01,2025-08-01,353.6420,1644.90,0.05799728800000000000,1690,6fba8dd8aa9cb0ff8f99a11fc692e9f3,2025-08-01,Scope 3,FAC003,PL001,truck,freight_truck_ton_mile,176.8210,ton_mile,822.45,SHP-GHG-202508-0031,0.02899864400000000000,t,✅ Reportable
shipping_miles,shipment_id,7bfaac18c981093e790d0eee89cd3483,2,"784, 1692",2025-08-01,2025-08-01,194.2386,4312.08,0.21405093720000000000,784,baefc1f1e23e25b68aabf41d1d6380cd,2025-08-01,Scope 3,FAC002,PL003,air,freight_air_ton_mile,97.1193,ton_mile,2156.04,SHP-GHG-202508-0022,0.10702546860000000000,t,✅ Reportable
shipping_miles,shipment_id,7bfaac18c981093e790d0eee89cd3483,2,"784, 1692",2025-08-01,2025-08-01,194.2386,4312.08,0.21405093720000000000,1692,d4cec83f333440464b5f881a9bf5f07c,2025-08-01,Scope 3,FAC002,PL003,air,freight_air_ton_mile,97.1193,ton_mile,2156.04,SHP-GHG-202508-0022,0.10702546860000000000,t,✅ Reportable
shipping_miles,shipment_id,d4a7c0590e64b1be49885e123437b806,2,"808, 1712",2025-08-01,2025-08-01,295.3920,5114.60,0.32552198400000000000,808,e87f5b7e78c802918988a197b9812a89,2025-08-01,Scope 3,FAC003,PL002,air,freight_air_ton_mile,147.6960,ton_mile,2557.30,SHP-GHG-202508-0046,0.16276099200000000000,t,✅ Reportable
shipping_miles,shipment_id,d4a7c0590e64b1be49885e123437b806,2,"808, 1712",2025-08-01,2025-08-01,295.3920,5114.60,0.32552198400000000000,1712,2daf3718aedbf47e8294668adceae0de,2025-08-01,Scope 3,FAC003,PL002,air,freight_air_ton_mile,147.6960,ton_mile,2557.30,SHP-GHG-202508-0046,0.16276099200000000000,t,✅ Reportable
shipping_miles,shipment_id,da53d3c6bc9479fef629cae23aa517aa,2,"824, 1670",2025-08-01,2025-08-01,413.7882,2393.62,0.06786126480000000000,824,1388f663ebdb9d68f445666751577834,2025-08-01,Scope 3,FAC004,PL001,truck,freight_truck_ton_mile,206.8941,ton_mile,1196.81,SHP-GHG-202508-0062,0.03393063240000000000,t,✅ Reportable
shipping_miles,shipment_id,da53d3c6bc9479fef629cae23aa517aa,2,"824, 1670",2025-08-01,2025-08-01,413.7882,2393.62,0.06786126480000000000,1670,49d9e603e92fec98b1d7504db4ba3a32,2025-08-01,Scope 3,FAC004,PL001,truck,freight_truck_ton_mile,206.8941,ton_mile,1196.81,SHP-GHG-202508-0062,0.03393063240000000000,t,✅ Reportable
shipping_miles,shipment_id,ee89e81dd23fb4e2182ec95435aa6a63,2,"802, 1701",2025-08-01,2025-08-01,116.2778,2653.36,0.12813813560000000000,802,6c56ef36bf51fb7196da93acf2ccb447,2025-08-01,Scope 3,FAC003,PL001,air,freight_air_ton_mile,58.1389,ton_mile,1326.68,SHP-GHG-202508-0040,0.06406906780000000000,t,✅ Reportable
shipping_miles,shipment_id,ee89e81dd23fb4e2182ec95435aa6a63,2,"802, 1701",2025-08-01,2025-08-01,116.2778,2653.36,0.12813813560000000000,1701,934aa8b345052914b9c2df991541e2fe,2025-08-01,Scope 3,FAC003,PL001,air,freight_air_ton_mile,58.1389,ton_mile,1326.68,SHP-GHG-202508-0040,0.06406906780000000000,t,✅ Reportable
shipping_miles,shipment_id,4dbae64716029c8930cd6afa0cfbbf8c,2,"971, 1688",2025-09-01,2025-09-01,244.9452,1009.86,0.04017101280000000000,971,9df9b8c8ee60aff412afc39bdfbe6321,2025-09-01,Scope 3,FAC001,PL001,truck,freight_truck_ton_mile,122.4726,ton_mile,504.93,SHP-GHG-202509-0097,0.02008550640000000000,t,✅ Reportable
shipping_miles,shipment_id,4dbae64716029c8930cd6afa0cfbbf8c,2,"971, 1688",2025-09-01,2025-09-01,244.9452,1009.86,0.04017101280000000000,1688,37015935b1e792184d32bfa53521506f,2025-09-01,Scope 3,FAC001,PL001,truck,freight_truck_ton_mile,122.4726,ton_mile,504.93,SHP-GHG-202509-0097,0.02008550640000000000,t,✅ Reportable
shipping_miles,shipment_id,8fd115594c60e335e41d43c4f05474c9,2,"930, 1689",2025-09-01,2025-09-01,0.0000,1433.62,0.02255493640000000000,930,139a93c02f529f0bfda365cdee5b39b1,2025-09-01,Scope 3,FAC002,PL002,truck,freight_truck_ton_mile,-137.5301,ton_mile,716.81,SHP-GHG-202509-0056,,f,⚠️ Negative activity
shipping_miles,shipment_id,8fd115594c60e335e41d43c4f05474c9,2,"930, 1689",2025-09-01,2025-09-01,0.0000,1433.62,0.02255493640000000000,1689,a917144649a4e3b84b2f34d1b40af9ac,2025-09-01,Scope 3,FAC002,PL002,truck,freight_truck_ton_mile,137.5301,ton_mile,716.81,SHP-GHG-202509-0056,0.02255493640000000000,t,✅ Reportable
shipping_miles,shipment_id,aab2c865a9e070ad11cef3b1d48dae82,2,"914, 1694",2025-09-01,2025-09-01,579.4374,2549.64,0.09502773360000000000,914,26df8cfc033a962b2c29e4cb6bb58884,2025-09-01,Scope 3,FAC002,PL003,truck,freight_truck_ton_mile,289.7187,ton_mile,1274.82,SHP-GHG-202509-0040,0.04751386680000000000,t,✅ Reportable
shipping_miles,shipment_id,aab2c865a9e070ad11cef3b1d48dae82,2,"914, 1694",2025-09-01,2025-09-01,579.4374,2549.64,0.09502773360000000000,1694,f9710f46fe38aee0e976f7aebdf0f74c,2025-09-01,Scope 3,FAC002,PL003,truck,freight_truck_ton_mile,289.7187,ton_mile,1274.82,SHP-GHG-202509-0040,0.04751386680000000000,t,✅ Reportable
shipping_miles,shipment_id,c140b545b045d417f5a51b3d522e23b5,2,"969, 1711",2025-09-01,2025-09-01,562.7892,2812.90,0.09229742880000000000,969,aab4fa86ba83a613ca73f59c04bd49f5,2025-09-01,Scope 3,FAC004,PL001,truck,freight_truck_ton_mile,281.3946,ton_mile,1406.45,SHP-GHG-202509-0095,0.04614871440000000000,t,✅ Reportable
shipping_miles,shipment_id,c140b545b045d417f5a51b3d522e23b5,2,"969, 1711",2025-09-01,2025-09-01,562.7892,2812.90,0.09229742880000000000,1711,c30c6cf77babab7e10fdad8fee8dce39,2025-09-01,Scope 3,FAC004,PL001,truck,freight_truck_ton_mile,281.3946,ton_mile,1406.45,SHP-GHG-202509-0095,0.04614871440000000000,t,✅ Reportable
shipping_miles,shipment_id,2bb26d738c2d01d2ff2d0d1291607841,2,"996, 1659",2025-10-01,2025-10-01,655.9540,3302.06,0.10757645600000000000,996,db09cc13dd0d222f8eeca6edc5112dcc,2025-10-01,Scope 3,FAC003,PL002,truck,freight_truck_ton_mile,327.9770,ton_mile,1651.03,SHP-GHG-202510-0022,0.05378822800000000000,t,✅ Reportable
shipping_miles,shipment_id,2bb26d738c2d01d2ff2d0d1291607841,2,"996, 1659",2025-10-01,2025-10-01,655.9540,3302.06,0.10757645600000000000,1659,c30349379e4e80e06174bb2cff85d7b0,2025-10-01,Scope 3,FAC003,PL002,truck,freight_truck_ton_mile,327.9770,ton_mile,1651.03,SHP-GHG-202510-0022,0.05378822800000000000,t,✅ Reportable
shipping_miles,shipment_id,5bdd4538e97aa74f38263cd32afb0db4,2,"1044, 1697",2025-10-01,2025-10-01,581.8868,3279.80,0.09542943520000000000,1044,39f93325979ab2f2ecbf64abdc8c67a6,2025-10-01,Scope 3,FAC003,PL002,truck,freight_truck_ton_mile,290.9434,ton_mile,1639.90,SHP-GHG-202510-0070,0.04771471760000000000,t,✅ Reportable
shipping_miles,shipment_id,5bdd4538e97aa74f38263cd32afb0db4,2,"1044, 1697",2025-10-01,2025-10-01,581.8868,3279.80,0.09542943520000000000,1697,3142bcf32a58eafd32b6f13a1cb8b130,2025-10-01,Scope 3,FAC003,PL002,truck,freight_truck_ton_mile,290.9434,ton_mile,1639.90,SHP-GHG-202510-0070,0.04771471760000000000,t,✅ Reportable
shipping_miles,shipment_id,025f432e09588639e5764bd2430dcc42,2,"1209, 1708",2025-11-01,2025-11-01,634.0328,2048.60,0.10398137920000000000,1209,ca1d974c9b71363c4720877f32e30785,2025-11-01,Scope 3,FAC004,PL003,truck,freight_truck_ton_mile,317.0164,ton_mile,1024.30,SHP-GHG-202511-0124,0.05199068960000000000,t,✅ Reportable
shipping_miles,shipment_id,025f432e09588639e5764bd2430dcc42,2,"1209, 1708",2025-11-01,2025-11-01,634.0328,2048.60,0.10398137920000000000,1708,644416153524e66f894966467d012646,2025-11-01,Scope 3,FAC004,,truck,freight_truck_ton_mile,317.0164,ton_mile,1024.30,SHP-GHG-202511-0124,0.05199068960000000000,t,✅ Reportable
shipping_miles,shipment_id,284ce9551885df18fe1025f8424d03ed,2,"1159, 1681",2025-11-01,2025-11-01,1099.5212,5179.50,0.18032147680000000000,1159,a65491f224bfa91be672c739eeb1e8bd,2025-11-01,Scope 3,FAC001,PL001,truck,freight_truck_ton_mile,549.7606,ton_mile,2589.75,SHP-GHG-202511-0074,0.09016073840000000000,t,✅ Reportable
shipping_miles,shipment_id,284ce9551885df18fe1025f8424d03ed,2,"1159, 1681",2025-11-01,2025-11-01,1099.5212,5179.50,0.18032147680000000000,1681,ea1fb49d5e4679e5061049ebca6fce7e,2025-11-01,Scope 3,FAC001,,truck,freight_truck_ton_mile,549.7606,ton_mile,2589.75,SHP-GHG-202511-0074,0.09016073840000000000,t,✅ Reportable
shipping_miles,shipment_id,30066d725ebe94a060614ed722c3f136,2,"1125, 1698",2025-11-01,2025-11-01,32.8658,5774.90,0.03621811160000000000,1125,3a2070b6e130b989046759aeda931253,2025-11-01,Scope 3,FAC004,PL003,air,freight_air_ton_mile,16.4329,ton_mile,2887.45,SHP-GHG-202511-0040,0.01810905580000000000,t,✅ Reportable
shipping_miles,shipment_id,30066d725ebe94a060614ed722c3f136,2,"1125, 1698",2025-11-01,2025-11-01,32.8658,5774.90,0.03621811160000000000,1698,80dbf463a5a77c929a2923e2eecd826c,2025-11-01,Scope 3,FAC004,PL003,air,freight_air_ton_mile,16.4329,ton_mile,2887.45,SHP-GHG-202511-0040,0.01810905580000000000,t,✅ Reportable
shipping_miles,shipment_id,3ed2e97bd7e7531fb1e0b72d3b96145a,2,"1212, 1703",2025-11-01,2025-11-01,939.4698,2683.24,0.15407304720000000000,1212,2c256212bda0b53e1ecb56cb285cabaf,2025-11-01,Scope 3,FAC002,PL001,truck,freight_truck_ton_mile,469.7349,ton_mile,1341.62,SHP-GHG-202511-0127,0.07703652360000000000,t,✅ Reportable
shipping_miles,shipment_id,3ed2e97bd7e7531fb1e0b72d3b96145a,2,"1212, 1703",2025-11-01,2025-11-01,939.4698,2683.24,0.15407304720000000000,1703,ceceff54bdd91034cadbfd30917b3613,2025-11-01,Scope 3,FAC002,PL001,truck,freight_truck_ton_mile,469.7349,ton_mile,1341.62,SHP-GHG-202511-0127,0.07703652360000000000,t,✅ Reportable
shipping_miles,shipment_id,8b5c0e822c6f967f19cd0b6c2da237b6,2,"1177, 1714",2025-11-01,2025-11-01,524.8624,1331.68,0.08607743360000000000,1177,eacf0f3ffac057c9c60034d4b9bc2398,2025-11-01,Scope 3,FAC004,PL001,truck,freight_truck_ton_mile,262.4312,ton_mile,665.84,SHP-GHG-202511-0092,0.04303871680000000000,t,✅ Reportable
shipping_miles,shipment_id,8b5c0e822c6f967f19cd0b6c2da237b6,2,"1177, 1714",2025-11-01,2025-11-01,524.8624,1331.68,0.08607743360000000000,1714,2749b8ccebac54b264cfdeb0ae441f2f,2025-11-01,Scope 3,FAC004,PL001,truck,freight_truck_ton_mile,262.4312,ton_mile,665.84,SHP-GHG-202511-0092,0.04303871680000000000,t,✅ Reportable
shipping_miles,shipment_id,c45cf672cc48d07ea9dce1f87c6e98c8,2,"1111, 1657",2025-11-01,2025-11-01,0.0000,3793.88,0.02134959700000000000,1111,977efec3c98ccefe3cca77de79c55b78,2025-11-01,Scope 3,FAC003,PL003,air,freight_air_ton_mile,19.3735,ton_mile,1896.94,SHP-GHG-202511-0026,0.02134959700000000000,t,✅ Reportable
shipping_miles,shipment_id,c45cf672cc48d07ea9dce1f87c6e98c8,2,"1111, 1657",2025-11-01,2025-11-01,0.0000,3793.88,0.02134959700000000000,1657,87f7559b0394672dbd7b4404c2982cff,2025-11-01,Scope 3,FAC003,PL003,air,freight_air_ton_mile,-19.3735,ton_mile,1896.94,SHP-GHG-202511-0026,,f,⚠️ Negative activity
shipping_miles,shipment_id,d3ec183e4fff9bcd3c8d1c4f06172e39,2,"1116, 1668",2025-11-01,2025-11-01,1017.4648,3054.74,0.16686422720000000000,1116,b4d001558cc2fb586273a146eab9f96f,2025-11-01,Scope 3,FAC001,PL001,truck,freight_truck_ton_mile,508.7324,ton_mile,1527.37,SHP-GHG-202511-0031,0.08343211360000000000,t,✅ Reportable
shipping_miles,shipment_id,d3ec183e4fff9bcd3c8d1c4f06172e39,2,"1116, 1668",2025-11-01,2025-11-01,1017.4648,3054.74,0.16686422720000000000,1668,6632fc7dbdd500f01d40f02831c8affe,2025-11-01,Scope 3,FAC001,,truck,freight_truck_ton_mile,508.7324,ton_mile,1527.37,SHP-GHG-202511-0031,0.08343211360000000000,t,✅ Reportable
shipping_miles,shipment_id,dc9296e6a1156a9cf4494e52e9013601,2,"1094, 1665",2025-11-01,2025-11-01,558.9402,2238.38,0.09166619280000000000,1094,f22aa44e6b5b5d6f700f4eb1262fa897,2025-11-01,Scope 3,FAC002,PL003,truck,freight_truck_ton_mile,279.4701,ton_mile,1119.19,SHP-GHG-202511-0009,0.04583309640000000000,t,✅ Reportable
shipping_miles,shipment_id,dc9296e6a1156a9cf4494e52e9013601,2,"1094, 1665",2025-11-01,2025-11-01,558.9402,2238.38,0.09166619280000000000,1665,5530e841438fc87e8ff170932f207437,2025-11-01,Scope 3,FAC002,PL003,truck,freight_truck_ton_mile,279.4701,ton_mile,1119.19,SHP-GHG-202511-0009,0.04583309640000000000,t,✅ Reportable
shipping_miles,shipment_id,0c44b48b56b27347cfedebd93b915c25,2,"1279, 1682",2025-12-01,2025-12-01,258.1388,883.54,0.04233476320000000000,1279,132ef7ea94ee3e4db8d6e21bad1209bf,2025-12-01,Scope 3,FAC001,PL001,truck,freight_truck_ton_mile,129.0694,ton_mile,441.77,SHP-GHG-202512-0060,0.02116738160000000000,t,✅ Reportable
shipping_miles,shipment_id,0c44b48b56b27347cfedebd93b915c25,2,"1279, 1682",2025-12-01,2025-12-01,258.1388,883.54,0.04233476320000000000,1682,5a6b7ea8aae4766a14f74da483e4094e,2025-12-01,Scope 3,FAC001,PL001,truck,freight_truck_ton_mile,129.0694,ton_mile,441.77,SHP-GHG-202512-0060,0.02116738160000000000,t,✅ Reportable
shipping_miles,shipment_id,34cb7df549ea8c0fd2ae836c4eecfc73,2,"1247, 1709",2025-12-01,2025-12-01,0.0000,3086.68,0.08891999640000000000,1247,1db32218e39420c37879f5c4f5621d61,2025-12-01,Scope 3,FAC001,PL001,truck,freight_truck_ton_mile,542.1951,ton_mile,1543.34,SHP-GHG-202512-0028,0.08891999640000000000,t,✅ Reportable
shipping_miles,shipment_id,34cb7df549ea8c0fd2ae836c4eecfc73,2,"1247, 1709",2025-12-01,2025-12-01,0.0000,3086.68,0.08891999640000000000,1709,ea324b65463ad8a0bc86472b93dd4e57,2025-12-01,Scope 3,FAC001,PL001,truck,freight_truck_ton_mile,-542.1951,ton_mile,1543.34,SHP-GHG-202512-0028,,f,⚠️ Negative activity
shipping_miles,shipment_id,93284e06140857a56ee321b6adb12d6e,2,"1268, 1686",2025-12-01,2025-12-01,155.9284,633.04,0.02557225760000000000,1268,20c071cbec71445e79506040ea53c0d2,2025-12-01,Scope 3,,PL003,truck,freight_truck_ton_mile,77.9642,ton_mile,316.52,SHP-GHG-202512-0049,0.01278612880000000000,f,⚠️ Missing facility ID
shipping_miles,shipment_id,93284e06140857a56ee321b6adb12d6e,2,"1268, 1686",2025-12-01,2025-12-01,155.9284,633.04,0.02557225760000000000,1686,3ce13588fb9e586fff62a36ece98f29d,2025-12-01,Scope 3,FAC004,PL003,truck,freight_truck_ton_mile,77.9642,ton_mile,316.52,SHP-GHG-202512-0049,0.01278612880000000000,t,✅ Reportable
shipping_miles,shipment_id,9e088e9c5359b571f0468c53acbce60b,2,"1276, 1664",2025-12-01,2025-12-01,347.0324,1586.38,0.05691331360000000000,1276,8c0edb0dc73d9226d58be4692d534f09,2025-12-01,Scope 3,FAC001,PL003,truck,freight_truck_ton_mile,173.5162,ton_mile,793.19,SHP-GHG-202512-0057,0.02845665680000000000,t,✅ Reportable
shipping_miles,shipment_id,9e088e9c5359b571f0468c53acbce60b,2,"1276, 1664",2025-12-01,2025-12-01,347.0324,1586.38,0.05691331360000000000,1664,92262780be8164c61167aa7c8fec7b6e,2025-12-01,Scope 3,FAC001,PL003,truck,freight_truck_ton_mile,173.5162,ton_mile,793.19,SHP-GHG-202512-0057,0.02845665680000000000,t,✅ Reportable
shipping_miles,shipment_id,c702eb0d9bdd149ac3dfb44bc4907f94,2,"1277, 1671",2025-12-01,2025-12-01,543.4924,3253.64,0.08913275360000000000,1277,4b33b0d7f08dc16d921a42c705522228,2025-12-01,Scope 3,FAC001,PL001,truck,freight_truck_ton_mile,271.7462,ton_mile,1626.82,SHP-GHG-202512-0058,0.04456637680000000000,t,✅ Reportable
shipping_miles,shipment_id,c702eb0d9bdd149ac3dfb44bc4907f94,2,"1277, 1671",2025-12-01,2025-12-01,543.4924,3253.64,0.08913275360000000000,1671,ba780a192c401c98464743a3696645b4,2025-12-01,Scope 3,FAC001,PL001,truck,freight_truck_ton_mile,271.7462,ton_mile,1626.82,SHP-GHG-202512-0058,0.04456637680000000000,t,✅ Reportable
shipping_miles,shipment_id,1c65044514e68837829f4d02fce040bf,2,"1395, 1704",2026-01-01,2026-01-01,525.4058,2192.30,0.08616655120000000000,1395,c34234fff67d44d83a655d78c07a8a91,2026-01-01,Scope 3,FAC001,PL003,truck,freight_truck_ton_mile,262.7029,ton_mile,1096.15,SHP-GHG-202601-0044,0.04308327560000000000,t,✅ Reportable
shipping_miles,shipment_id,1c65044514e68837829f4d02fce040bf,2,"1395, 1704",2026-01-01,2026-01-01,525.4058,2192.30,0.08616655120000000000,1704,850f910179dda40c3ad65aeb385d4223,2026-01-01,Scope 3,FAC001,PL003,truck,freight_truck_ton_mile,262.7029,ton_mile,1096.15,SHP-GHG-202601-0044,0.04308327560000000000,t,✅ Reportable
shipping_miles,shipment_id,20d88527ffdf8d8499580919d0bb81be,2,"1416, 1673",2026-01-01,2026-01-01,446.1842,2664.14,0.07317420880000000000,1416,ff6deadeb93004a6479fbcf73baaeb7e,2026-01-01,Scope 3,FAC002,PL002,truck,freight_truck_ton_mile,223.0921,ton_mile,1332.07,SHP-GHG-202601-0065,0.03658710440000000000,t,✅ Reportable
shipping_miles,shipment_id,20d88527ffdf8d8499580919d0bb81be,2,"1416, 1673",2026-01-01,2026-01-01,446.1842,2664.14,0.07317420880000000000,1673,eb2f69df683b73b3a6e06a7049f0ded9,2026-01-01,Scope 3,FAC002,PL002,truck,freight_truck_ton_mile,223.0921,ton_mile,1332.07,SHP-GHG-202601-0065,0.03658710440000000000,t,✅ Reportable
shipping_miles,shipment_id,4713f64389e67138962712fe4be81c62,2,"1368, 1674",2026-01-01,2026-01-01,210.6334,2881.52,0.23211800680000000000,1368,b3dddc873cf02f6a2fb5a831dfbd0363,2026-01-01,Scope 3,FAC004,PL001,air,freight_air_ton_mile,105.3167,ton_mile,1440.76,SHP-GHG-202601-0017,0.11605900340000000000,t,✅ Reportable
shipping_miles,shipment_id,4713f64389e67138962712fe4be81c62,2,"1368, 1674",2026-01-01,2026-01-01,210.6334,2881.52,0.23211800680000000000,1674,2b822d8da6f994395b9ddc8628813a34,2026-01-01,Scope 3,FAC004,PL001,air,freight_air_ton_mile,105.3167,ton_mile,1440.76,SHP-GHG-202601-0017,0.11605900340000000000,t,✅ Reportable
shipping_miles,shipment_id,7b85816d0b29485cf589c28526df3799,2,"1429, 1654",2026-01-01,2026-01-01,29.2942,5154.58,0.03228220840000000000,1429,1692d65bbb69ab81fd8de25df641c350,2026-01-01,Scope 3,FAC004,PL002,air,freight_air_ton_mile,14.6471,ton_mile,2577.29,SHP-GHG-202601-0078,0.01614110420000000000,t,✅ Reportable
shipping_miles,shipment_id,7b85816d0b29485cf589c28526df3799,2,"1429, 1654",2026-01-01,2026-01-01,29.2942,5154.58,0.03228220840000000000,1654,1adc4993784ecd16393c107767c7ba04,2026-01-01,Scope 3,FAC004,PL002,air,freight_air_ton_mile,14.6471,ton_mile,2577.29,SHP-GHG-202601-0078,0.01614110420000000000,t,✅ Reportable
shipping_miles,shipment_id,db0223da3e40c01f899b96d065056984,2,"1432, 1680",2026-01-01,2026-01-01,813.2504,2310.86,0.13337306560000000000,1432,b34d3da687345e21f6d966fbd0bec777,2026-01-01,Scope 3,FAC004,PL001,truck,freight_truck_ton_mile,406.6252,ton_mile,1155.43,SHP-GHG-202601-0081,0.06668653280000000000,t,✅ Reportable
shipping_miles,shipment_id,db0223da3e40c01f899b96d065056984,2,"1432, 1680",2026-01-01,2026-01-01,813.2504,2310.86,0.13337306560000000000,1680,f3bce9aebfd02cab80681f3f3ee9c038,2026-01-01,Scope 3,FAC004,PL001,truck,freight_truck_ton_mile,406.6252,ton_mile,1155.43,SHP-GHG-202601-0081,0.06668653280000000000,t,✅ Reportable
shipping_miles,shipment_id,f1b23ccf4f5ffbefe73fd425edfa94ca,2,"1430, 1713",2026-01-01,2026-01-01,384.5090,1596.24,0.06305947600000000000,1430,6be574aa63a947d119d98638ac242132,2026-01-01,Scope 3,FAC004,PL003,truck,freight_truck_ton_mile,192.2545,ton_mile,798.12,SHP-GHG-202601-0079,0.03152973800000000000,t,✅ Reportable
shipping_miles,shipment_id,f1b23ccf4f5ffbefe73fd425edfa94ca,2,"1430, 1713",2026-01-01,2026-01-01,384.5090,1596.24,0.06305947600000000000,1713,91b46588b18f163b4844acb96cdfab18,2026-01-01,Scope 3,FAC004,PL003,truck,freight_truck_ton_mile,192.2545,ton_mile,798.12,SHP-GHG-202601-0079,0.03152973800000000000,t,✅ Reportable
shipping_miles,shipment_id,92dc602c0a32a81a5177ce4b2328d85d,2,"1462, 1676",2026-02-01,2026-02-01,427.3712,1501.88,0.07008887680000000000,1462,83707f793aff463f92d0eecfb97e9864,2026-02-01,Scope 3,FAC004,PL002,truck,freight_truck_ton_mile,213.6856,ton_mile,750.94,SHP-GHG-202602-0028,0.03504443840000000000,t,✅ Reportable
shipping_miles,shipment_id,92dc602c0a32a81a5177ce4b2328d85d,2,"1462, 1676",2026-02-01,2026-02-01,427.3712,1501.88,0.07008887680000000000,1676,0fa5167c71d48f40f48a4e9d5970d36d,2026-02-01,Scope 3,FAC004,PL002,truck,freight_truck_ton_mile,213.6856,ton_mile,750.94,SHP-GHG-202602-0028,0.03504443840000000000,t,✅ Reportable
shipping_miles,shipment_id,9b46e2b5219803495af34c87bc708923,2,"1555, 1675",2026-02-01,2026-02-01,788.9070,1894.32,0.12938074800000000000,1555,990301bff9605b44112af743375a4b8e,2026-02-01,Scope 3,FAC001,PL002,truck,freight_truck_ton_mile,394.4535,ton_mile,947.16,SHP-GHG-202602-0121,0.06469037400000000000,t,✅ Reportable
shipping_miles,shipment_id,9b46e2b5219803495af34c87bc708923,2,"1555, 1675",2026-02-01,2026-02-01,788.9070,1894.32,0.12938074800000000000,1675,1d0968218e9edcf1b4174c81de3811bc,2026-02-01,Scope 3,FAC001,PL002,truck,freight_truck_ton_mile,394.4535,ton_mile,947.16,SHP-GHG-202602-0121,0.06469037400000000000,t,✅ Reportable
shipping_miles,shipment_id,c4b29f1472d5cd33bb80cb5b076a0217,2,"1459, 1716",2026-02-01,2026-02-01,551.5282,2153.76,0.09045062480000000000,1459,cfdd222e875fb24915532abc78e865b5,2026-02-01,Scope 3,FAC004,PL001,truck,freight_truck_ton_mile,275.7641,ton_mile,1076.88,SHP-GHG-202602-0025,0.04522531240000000000,t,✅ Reportable
shipping_miles,shipment_id,c4b29f1472d5cd33bb80cb5b076a0217,2,"1459, 1716",2026-02-01,2026-02-01,551.5282,2153.76,0.09045062480000000000,1716,407d4d4565dc0caeb5d2041bd631a958,2026-02-01,Scope 3,FAC004,PL001,truck,freight_truck_ton_mile,275.7641,ton_mile,1076.88,SHP-GHG-202602-0025,0.04522531240000000000,t,✅ Reportable
shipping_miles,shipment_id,ccaee1d99ae88aa7537c37e55d9edde7,2,"1481, 1693",2026-02-01,2026-02-01,497.2966,2316.98,0.08155664240000000000,1481,9818abe9896937b3f6d951ae048ba06d,2026-02-01,Scope 3,FAC002,PL002,truck,freight_truck_ton_mile,248.6483,ton_mile,1158.49,SHP-GHG-202602-0047,0.04077832120000000000,t,✅ Reportable
shipping_miles,shipment_id,ccaee1d99ae88aa7537c37e55d9edde7,2,"1481, 1693",2026-02-01,2026-02-01,497.2966,2316.98,0.08155664240000000000,1693,4ea79ba84290486c318ab714d75f6254,2026-02-01,Scope 3,FAC002,PL002,truck,freight_truck_ton_mile,248.6483,ton_mile,1158.49,SHP-GHG-202602-0047,0.04077832120000000000,t,✅ Reportable
shipping_miles,shipment_id,13199590e3f0857827460410c64dca76,2,"1646, 1677",2026-03-01,2026-03-01,287.6154,1371.90,0.04716892560000000000,1646,1e607b981cb2ef27f464d9acbd62acb1,2026-03-01,Scope 3,FAC001,PL002,truck,freight_truck_ton_mile,143.8077,ton_mile,685.95,SHP-GHG-202603-0087,0.02358446280000000000,t,✅ Reportable
shipping_miles,shipment_id,13199590e3f0857827460410c64dca76,2,"1646, 1677",2026-03-01,2026-03-01,287.6154,1371.90,0.04716892560000000000,1677,e65f5a3c1682d6c45f8e7eede02adbfe,2026-03-01,Scope 3,FAC001,PL002,truck,freight_truck_ton_mile,143.8077,ton_mile,685.95,SHP-GHG-202603-0087,0.02358446280000000000,t,✅ Reportable
shipping_miles,shipment_id,1a574428f42da31314066b9cb429959f,2,"1632, 1715",2026-03-01,2026-03-01,786.2654,4509.50,0.12894752560000000000,1632,0192da5f907f0a5f7893bb7ce90b7bba,2026-03-01,Scope 3,FAC003,PL003,truck,freight_truck_ton_mile,393.1327,ton_mile,2254.75,SHP-GHG-202603-0073,0.06447376280000000000,t,✅ Reportable
shipping_miles,shipment_id,1a574428f42da31314066b9cb429959f,2,"1632, 1715",2026-03-01,2026-03-01,786.2654,4509.50,0.12894752560000000000,1715,f0e55f17d2636f393fa69a1199cb7dab,2026-03-01,Scope 3,FAC003,PL003,truck,freight_truck_ton_mile,393.1327,ton_mile,2254.75,SHP-GHG-202603-0073,0.06447376280000000000,t,✅ Reportable
shipping_miles,shipment_id,2b91e2db55fc017c814b708780c29eb6,2,"1631, 1669",2026-03-01,2026-03-01,113.1020,297.82,0.01854872800000000000,1631,d49e74ff1c77dd332c2b4214442418b9,2026-03-01,Scope 3,FAC004,PL002,truck,freight_truck_ton_mile,56.5510,ton_mile,148.91,SHP-GHG-202603-0072,0.00927436400000000000,t,✅ Reportable
shipping_miles,shipment_id,2b91e2db55fc017c814b708780c29eb6,2,"1631, 1669",2026-03-01,2026-03-01,113.1020,297.82,0.01854872800000000000,1669,920c308318123ccb72b96ff7d06bb487,2026-03-01,Scope 3,FAC004,PL002,truck,freight_truck_ton_mile,56.5510,ton_mile,148.91,SHP-GHG-202603-0072,0.00927436400000000000,t,✅ Reportable
shipping_miles,shipment_id,4da0f58fa1203421519b62b81167b228,2,"1649, 1656",2026-03-01,2026-03-01,492.0640,2248.42,0.08069849600000000000,1649,a515a5b593992d88f6efc3e35753708c,2026-03-01,Scope 3,FAC004,PL002,truck,freight_truck_ton_mile,246.0320,ton_mile,1124.21,SHP-GHG-202603-0090,0.04034924800000000000,t,✅ Reportable
shipping_miles,shipment_id,4da0f58fa1203421519b62b81167b228,2,"1649, 1656",2026-03-01,2026-03-01,492.0640,2248.42,0.08069849600000000000,1656,6c734c188e0d5a77856acf7e3ccf73fe,2026-03-01,Scope 3,FAC004,PL002,truck,freight_truck_ton_mile,246.0320,ton_mile,1124.21,SHP-GHG-202603-0090,0.04034924800000000000,t,✅ Reportable
shipping_miles,shipment_id,4f7eb99c4222004d074404fa6f7af45f,2,"1603, 1663",2026-03-01,2026-03-01,414.6116,1757.46,0.06799630240000000000,1603,59bebefe6162c7adcfe55b863d7325fe,2026-03-01,Scope 3,FAC004,PL002,truck,freight_truck_ton_mile,207.3058,ton_mile,878.73,SHP-GHG-202603-0044,0.03399815120000000000,t,✅ Reportable
shipping_miles,shipment_id,4f7eb99c4222004d074404fa6f7af45f,2,"1603, 1663",2026-03-01,2026-03-01,414.6116,1757.46,0.06799630240000000000,1663,7808aafc751b8dbfc8f07defcfb1b9f8,2026-03-01,Scope 3,FAC004,PL002,truck,freight_truck_ton_mile,207.3058,ton_mile,878.73,SHP-GHG-202603-0044,0.03399815120000000000,t,✅ Reportable
