activity_month,scope,facility_id,facility_name,facility_type,product_line_id,product_line_name,activity_row_count,reportable_row_count,reportable_activity_amount,kg_co2e,metric_tons_co2e,cost_usd,metric_tons_co2e_per_usd
2025-01-01,Scope 2,FAC003,Vancouver Warehouse,warehouse,,,1,1,22532.8500,2298.3507,2.2984,3380.17,0.00067995
2025-03-01,Scope 3,FAC002,Clackamas Distribution Center,distribution,,,2,2,3232.0625,2761.0682,2.7611,2388.54,0.00115596
2025-09-01,Scope 3,FAC001,Portland Production Kitchen,manufacturing,PL004,Packaging Shared,3,3,2960.7600,3375.3421,3.3753,6047.95,0.00055810
2025-05-01,Scope 3,FAC004,Denver Production Kitchen,manufacturing,PL004,Packaging Shared,3,3,4958.5300,5303.2634,5.3033,5232.18,0.00101359
2025-10-01,Scope 3,FAC001,Portland Production Kitchen,manufacturing,PL001,Gummies,13,12,6355.7575,4776.5228,4.7765,20463.41,0.00023342
2025-03-01,Scope 1,FAC001,Portland Production Kitchen,manufacturing,,,1,0,,,,,
2026-02-01,Scope 3,,,,PL001,Gummies,3,0,,,,,
2026-02-01,Scope 3,FAC002,Clackamas Distribution Center,distribution,,,3,3,510.4712,389.6394,0.3896,6452.14,0.00006039
2026-01-01,Scope 3,FAC001,Portland Production Kitchen,manufacturing,PL002,Beverages,10,10,3875.6712,3810.4631,3.8105,13705.91,0.00027802
2026-01-01,Scope 2,FAC003,Vancouver Warehouse,warehouse,,,1,1,19758.3100,1916.5561,1.9166,3103.08,0.00061763
2025-06-01,Scope 3,FAC004,Denver Production Kitchen,manufacturing,PL004,Packaging Shared,3,3,2891.4400,3373.8453,3.3738,4008.46,0.00084168
2025-06-01,Scope 3,FAC004,Denver Production Kitchen,manufacturing,PL003,Infused Chocolates,19,19,6811.5567,4796.0972,4.7961,29191.09,0.00016430
2025-08-01,Scope 3,FAC004,Denver Production Kitchen,manufacturing,PL002,Beverages,13,12,5853.3621,4346.6830,4.3467,19191.80,0.00022649
2025-06-01,Scope 2,FAC003,Vancouver Warehouse,warehouse,,,1,1,18790.0700,1916.5871,1.9166,2617.76,0.00073215
2025-05-01,Scope 3,FAC004,Denver Production Kitchen,manufacturing,PL001,Gummies,14,14,5589.7844,4154.7760,4.1548,16014.25,0.00025944
2025-06-01,Scope 2,FAC005,Oakland Sales Office,office,,,1,1,6201.1300,1302.2373,1.3022,697.17,0.00186789
2026-03-01,Scope 2,FAC005,Oakland Sales Office,office,,,1,1,8379.3000,1659.1014,1.6591,949.16,0.00174797
2025-05-01,Scope 1,FAC005,Oakland Sales Office,office,,,1,1,133.3800,1185.7482,1.1857,490.34,0.00241822
2025-02-01,Scope 2,FAC005,Oakland Sales Office,office,,,2,2,15428.4000,3239.9640,3.2400,1601.48,0.00202311
2025-01-01,Scope 2,FAC004,Denver Production Kitchen,manufacturing,,,1,1,52303.9800,26779.6378,26.7796,5944.73,0.00450477
2025-02-01,Scope 3,FAC004,Denver Production Kitchen,manufacturing,PL004,Packaging Shared,3,3,2446.9900,2996.2759,2.9963,3110.55,0.00096326
2025-09-01,Scope 3,FAC003,Vancouver Warehouse,warehouse,PL003,Infused Chocolates,4,4,647.3669,290.2747,0.2903,4462.72,0.00006504
2026-02-01,Scope 3,FAC001,Portland Production Kitchen,manufacturing,PL004,Packaging Shared,3,3,3282.3300,3711.5114,3.7115,4889.48,0.00075908
2026-03-01,Scope 3,FAC002,Clackamas Distribution Center,distribution,PL001,Gummies,11,11,3101.0072,2024.7577,2.0248,13919.72,0.00014546
2025-10-01,Scope 2,,,,,,1,0,,,,,
2025-10-01,Scope 3,FAC004,Denver Production Kitchen,manufacturing,PL003,Infused Chocolates,6,6,3171.1207,3328.9313,3.3289,8389.93,0.00039678
2025-03-01,Scope 3,FAC003,Vancouver Warehouse,warehouse,PL003,Infused Chocolates,10,10,2166.2004,1250.5403,1.2505,20798.04,0.00006013
2025-12-01,Scope 3,FAC002,Clackamas Distribution Center,distribution,PL003,Infused Chocolates,15,15,4671.1887,3882.0343,3.8820,29331.12,0.00013235
2025-08-01,Scope 3,FAC001,Portland Production Kitchen,manufacturing,PL003,Infused Chocolates,15,15,6535.2348,4725.6753,4.7257,20266.04,0.00023318
2025-08-01,Scope 2,FAC005,Oakland Sales Office,office,,,1,1,9024.4700,1895.1387,1.8951,1348.88,0.00140497
2025-06-01,Scope 2,FAC002,Clackamas Distribution Center,distribution,,,1,1,27633.4700,4918.7577,4.9188,3835.00,0.00128260
2026-02-01,Scope 3,FAC004,Denver Production Kitchen,manufacturing,PL002,Beverages,17,17,6910.8308,5666.8547,5.6669,26315.65,0.00021534
2025-11-01,Scope 3,FAC003,Vancouver Warehouse,warehouse,,,1,1,236.8440,38.8424,0.0388,1071.87,0.00003624
2025-12-01,Scope 3,FAC001,Portland Production Kitchen,manufacturing,,,1,1,29.4202,32.4211,0.0324,1783.21,0.00001818
2026-03-01,Scope 3,FAC002,Clackamas Distribution Center,distribution,PL003,Infused Chocolates,7,7,3922.9401,3796.6038,3.7966,11063.81,0.00034316
2026-01-01,Scope 3,FAC004,Denver Production Kitchen,manufacturing,PL002,Beverages,12,12,4491.2715,4522.8218,4.5228,22374.04,0.00020215
2025-02-01,Scope 1,FAC001,Portland Production Kitchen,manufacturing,,,1,1,2017.3700,10712.2347,10.7122,3279.82,0.00326610
2026-02-01,Scope 1,FAC003,Vancouver Warehouse,warehouse,,,2,2,1798.5800,14223.8348,14.2238,5420.41,0.00262413
2025-11-01,Scope 3,,,,,,1,0,,,,,
2026-02-01,Scope 2,FAC003,Vancouver Warehouse,warehouse,,,1,1,19062.8700,1849.0984,1.8491,2874.55,0.00064327
2025-01-01,Scope 1,,,,,,1,0,,,,,
2026-03-01,Scope 3,FAC002,Clackamas Distribution Center,distribution,PL002,Beverages,10,10,4412.6073,3215.7332,3.2157,14184.97,0.00022670
2025-05-01,Scope 3,FAC002,Clackamas Distribution Center,distribution,PL002,Beverages,18,18,6821.1967,4574.1839,4.5742,23825.18,0.00019199
2025-11-01,Scope 3,FAC001,Portland Production Kitchen,manufacturing,PL004,Packaging Shared,4,4,6059.7400,6293.9211,6.2939,5686.60,0.00110680
2025-07-01,Scope 2,FAC004,Denver Production Kitchen,manufacturing,,,1,1,54017.6000,27657.0112,27.6570,6664.43,0.00414994
2025-05-01,Scope 3,FAC001,Portland Production Kitchen,manufacturing,PL004,Packaging Shared,3,3,3319.0100,3703.0983,3.7031,3521.16,0.00105167
2025-09-01,Scope 3,FAC003,Vancouver Warehouse,warehouse,PL002,Beverages,5,5,1288.9795,415.5050,0.4155,6739.14,0.00006166
2025-08-01,Scope 3,FAC003,Vancouver Warehouse,warehouse,PL003,Infused Chocolates,7,7,1844.5192,427.1410,0.4271,9831.07,0.00004345
2025-02-01,Scope 3,FAC002,Clackamas Distribution Center,distribution,PL001,Gummies,10,10,5500.0801,4117.2367,4.1172,16540.22,0.00024892
2025-03-01,Scope 3,FAC001,Portland Production Kitchen,manufacturing,PL004,Packaging Shared,3,3,3607.9500,4089.0459,4.0890,6442.19,0.00063473
2026-02-01,Scope 3,FAC001,Portland Production Kitchen,manufacturing,,,4,4,972.1069,159.4255,0.1594,5138.32,0.00003103
2026-01-01,Scope 3,FAC002,Clackamas Distribution Center,distribution,PL004,Packaging Shared,4,4,5341.9800,5736.9061,5.7369,7529.14,0.00076196
2025-09-01,Scope 3,FAC002,Clackamas Distribution Center,distribution,PL003,Infused Chocolates,15,15,8150.8376,5005.9495,5.0059,20619.23,0.00024278
2025-04-01,Scope 3,FAC001,Portland Production Kitchen,manufacturing,PL003,Infused Chocolates,9,9,5425.6538,4988.1764,4.9882,14433.36,0.00034560
2025-12-01,Scope 3,FAC003,Vancouver Warehouse,warehouse,PL003,Infused Chocolates,10,10,2660.6562,572.9871,0.5730,14145.21,0.00004051
2026-03-01,Scope 3,FAC002,Clackamas Distribution Center,distribution,PL004,Packaging Shared,2,2,602.8700,1243.6605,1.2437,3022.21,0.00041151
2025-11-01,Scope 1,FAC004,Denver Production Kitchen,manufacturing,,,1,1,2003.0000,10635.9300,10.6359,2264.41,0.00469700
2025-12-01,Scope 3,FAC002,Clackamas Distribution Center,distribution,PL002,Beverages,9,9,4351.7297,4392.3834,4.3924,16945.84,0.00025920
2025-02-01,Scope 3,FAC003,Vancouver Warehouse,warehouse,PL002,Beverages,9,9,2378.3438,390.0484,0.3900,11522.12,0.00003385
2025-01-01,Scope 3,FAC002,Clackamas Distribution Center,distribution,,,1,1,168.1488,185.3000,0.1853,1803.81,0.00010273
2025-10-01,Scope 1,FAC003,Vancouver Warehouse,warehouse,,,2,2,1532.9400,13043.6844,13.0437,5847.70,0.00223057
2025-07-01,Scope 3,FAC001,Portland Production Kitchen,manufacturing,PL003,Infused Chocolates,8,8,2588.1787,2664.1306,2.6641,19226.91,0.00013856
2025-04-01,Scope 3,FAC001,Portland Production Kitchen,manufacturing,PL002,Beverages,11,11,5624.2968,4565.0501,4.5651,19352.89,0.00023588
2025-07-01,Scope 1,FAC005,Oakland Sales Office,office,,,1,1,163.7100,1455.3819,1.4554,592.76,0.00245526
2025-11-01,Scope 1,FAC005,Oakland Sales Office,office,,,1,1,104.0900,925.3601,0.9254,491.00,0.00188464
2025-12-01,Scope 2,FAC001,Portland Production Kitchen,manufacturing,,,1,1,61689.1900,10980.6758,10.9807,6053.43,0.00181396
2025-01-01,Scope 3,FAC002,Clackamas Distribution Center,distribution,PL001,Gummies,9,9,5699.7858,4753.3749,4.7534,14447.51,0.00032901
2025-03-01,Scope 3,FAC003,Vancouver Warehouse,warehouse,PL001,Gummies,12,12,3852.2687,850.1990,0.8502,22180.58,0.00003833
2026-02-01,Scope 2,FAC001,Portland Production Kitchen,manufacturing,,,1,1,51757.3400,8850.5051,8.8505,6761.43,0.00130897
2025-09-01,Scope 3,FAC004,Denver Production Kitchen,manufacturing,,,3,2,493.4930,193.2374,0.1932,5821.77,0.00003319
2025-07-01,Scope 2,FAC005,Oakland Sales Office,office,,,1,1,8599.3400,1805.8614,1.8059,1136.11,0.00158951
2026-01-01,Scope 3,FAC002,Clackamas Distribution Center,distribution,,,1,1,340.5788,55.8549,0.0559,1946.91,0.00002869
2026-01-01,Scope 2,FAC002,Clackamas Distribution Center,distribution,,,1,1,26080.8500,4459.8254,4.4598,2501.25,0.00178304
2025-12-01,Scope 3,FAC004,Denver Production Kitchen,manufacturing,PL004,Packaging Shared,3,3,2682.8100,3365.4131,3.3654,4654.74,0.00072301
2025-05-01,Scope 3,FAC001,Portland Production Kitchen,manufacturing,PL002,Beverages,5,5,3475.2943,3742.3718,3.7424,5289.74,0.00070748
2025-01-01,Scope 3,FAC003,Vancouver Warehouse,warehouse,PL003,Infused Chocolates,13,13,3067.1246,903.5850,0.9036,19602.80,0.00004609
2025-05-01,Scope 2,FAC002,Clackamas Distribution Center,distribution,,,1,1,27054.6800,4815.7330,4.8157,4149.47,0.00116057
2025-08-01,Scope 3,FAC002,Clackamas Distribution Center,distribution,PL001,Gummies,15,15,4697.9677,3676.8060,3.6768,21856.85,0.00016822
2025-02-01,Scope 1,FAC005,Oakland Sales Office,office,,,2,2,310.9800,2764.6122,2.7646,1280.78,0.00215854
2025-10-01,Scope 3,FAC003,Vancouver Warehouse,warehouse,PL003,Infused Chocolates,14,14,4030.7484,1359.1017,1.3591,19777.36,0.00006872
2025-04-01,Scope 3,FAC004,Denver Production Kitchen,manufacturing,,,1,1,282.0400,338.4480,0.3384,1101.69,0.00030721
2025-02-01,Scope 3,FAC004,Denver Production Kitchen,manufacturing,,,1,1,143.5462,23.5416,0.0235,558.67,0.00004214
2025-09-01,Scope 3,FAC004,Denver Production Kitchen,manufacturing,PL003,Infused Chocolates,12,12,5618.8820,4018.7522,4.0188,18780.65,0.00021398
2025-12-01,Scope 1,FAC001,Portland Production Kitchen,manufacturing,,,1,1,2306.6700,12248.4177,12.2484,2821.86,0.00434055
2025-05-01,Scope 3,FAC004,Denver Production Kitchen,manufacturing,PL002,Beverages,13,13,6490.7732,4136.1384,4.1361,19047.53,0.00021715
2026-02-01,Scope 1,FAC002,Clackamas Distribution Center,distribution,,,2,2,1527.0200,12904.2532,12.9043,4816.78,0.00267902
2025-05-01,Scope 3,FAC002,Clackamas Distribution Center,distribution,PL004,Packaging Shared,3,3,3684.4400,4209.5120,4.2095,6335.91,0.00066439
2025-01-01,Scope 2,FAC002,Clackamas Distribution Center,distribution,,,1,1,29799.6500,5304.3377,5.3043,4703.66,0.00112770
2025-04-01,Scope 3,,,,PL002,Beverages,3,0,,,,,
2025-11-01,Scope 3,FAC001,Portland Production Kitchen,manufacturing,PL002,Beverages,9,9,5054.5259,4019.7623,4.0198,12989.85,0.00030945
2025-09-01,Scope 3,FAC004,Denver Production Kitchen,manufacturing,PL002,Beverages,14,14,6582.6468,3291.8600,3.2919,16240.40,0.00020270
2025-09-01,Scope 1,FAC001,Portland Production Kitchen,manufacturing,,,1,1,2214.6300,11759.6853,11.7597,3300.90,0.00356257
2026-01-01,Scope 1,FAC005,Oakland Sales Office,office,,,1,1,157.7000,1401.9530,1.4020,797.41,0.00175813
2026-01-01,Scope 3,FAC001,Portland Production Kitchen,manufacturing,PL001,Gummies,12,11,4777.5171,4002.7481,4.0027,19666.48,0.00020353
2025-05-01,Scope 2,FAC004,Denver Production Kitchen,manufacturing,,,1,1,47189.4700,24161.0086,24.1610,6117.12,0.00394974
2025-01-01,Scope 3,FAC002,Clackamas Distribution Center,distribution,PL003,Infused Chocolates,15,14,7384.2971,5701.2641,5.7013,24086.54,0.00023670
2025-07-01,Scope 3,,,,PL001,Gummies,1,0,,,,,
2025-08-01,Scope 1,FAC001,Portland Production Kitchen,manufacturing,,,1,1,2137.3400,11349.2754,11.3493,3431.44,0.00330744
2025-11-01,Scope 2,FAC003,Vancouver Warehouse,warehouse,,,1,1,19518.1100,1990.8472,1.9908,2718.61,0.00073230
2025-04-01,Scope 3,FAC004,Denver Production Kitchen,manufacturing,PL001,Gummies,8,8,4163.3027,3458.5642,3.4586,9993.05,0.00034610
2025-09-01,Scope 3,,,,PL003,Infused Chocolates,3,0,,,,,
2025-10-01,Scope 3,FAC001,Portland Production Kitchen,manufacturing,PL002,Beverages,12,11,5072.8017,4642.1308,4.6421,12864.91,0.00036084
2026-02-01,Scope 3,FAC003,Vancouver Warehouse,warehouse,PL001,Gummies,15,15,2747.0141,891.2542,0.8913,22128.36,0.00004028
2025-12-01,Scope 3,,,,PL001,Gummies,2,0,,,,,
2025-02-01,Scope 3,FAC002,Clackamas Distribution Center,distribution,PL004,Packaging Shared,3,3,2850.9700,3472.2214,3.4722,5023.03,0.00069126
2026-01-01,Scope 3,FAC002,Clackamas Distribution Center,distribution,PL001,Gummies,12,11,4947.6615,4921.1642,4.9212,16131.04,0.00030507
2025-11-01,Scope 3,FAC003,Vancouver Warehouse,warehouse,PL002,Beverages,9,9,2115.4010,582.6991,0.5827,10450.50,0.00005576
2025-06-01,Scope 3,FAC001,Portland Production Kitchen,manufacturing,,,1,1,11.3061,12.4593,0.0125,1600.58,0.00000778
2025-03-01,Scope 3,FAC004,Denver Production Kitchen,manufacturing,PL001,Gummies,12,11,4584.4318,3869.2955,3.8693,14842.36,0.00026069
2025-02-01,Scope 3,FAC001,Portland Production Kitchen,manufacturing,PL004,Packaging Shared,2,2,4077.6300,4382.3529,4.3824,3812.47,0.00114948
2026-03-01,Scope 3,FAC004,Denver Production Kitchen,manufacturing,PL004,Packaging Shared,3,3,2770.4900,3306.2600,3.3063,4299.98,0.00076890
2025-06-01,Scope 3,FAC003,Vancouver Warehouse,warehouse,,,1,1,142.0631,156.5535,0.1566,2328.43,0.00006724
2025-09-01,Scope 3,FAC002,Clackamas Distribution Center,distribution,PL001,Gummies,7,7,4287.7198,3587.2125,3.5872,11274.83,0.00031816
2025-05-01,Scope 1,FAC004,Denver Production Kitchen,manufacturing,,,1,1,1848.8600,9817.4466,9.8174,2523.43,0.00389052
2025-04-01,Scope 3,FAC004,Denver Production Kitchen,manufacturing,PL003,Infused Chocolates,15,15,6486.7218,5035.3637,5.0354,19779.46,0.00025458
2025-06-01,Scope 2,FAC001,Portland Production Kitchen,manufacturing,,,1,1,45268.0700,8057.7165,8.0577,5440.29,0.00148112
2026-03-01,Scope 1,FAC001,Portland Production Kitchen,manufacturing,,,1,0,,,,,
2025-01-01,Scope 1,FAC004,Denver Production Kitchen,manufacturing,,,1,0,,,,,
2025-10-01,Scope 2,FAC004,Denver Production Kitchen,manufacturing,,,2,2,112983.4000,57847.5008,57.8475,12331.54,0.00469102
2025-05-01,Scope 2,FAC005,Oakland Sales Office,office,,,1,1,6806.5900,1429.3839,1.4294,744.76,0.00191925
2025-09-01,Scope 3,FAC002,Clackamas Distribution Center,distribution,,,1,1,249.5500,299.4600,0.2995,1302.84,0.00022985
2025-07-01,Scope 3,FAC004,Denver Production Kitchen,manufacturing,PL004,Packaging Shared,3,3,3035.6000,3619.9898,3.6200,4653.48,0.00077791
2025-12-01,Scope 3,FAC004,Denver Production Kitchen,manufacturing,PL002,Beverages,14,14,5642.9499,3866.4344,3.8664,22368.19,0.00017285
2026-02-01,Scope 3,,,,PL002,Beverages,1,0,,,,,
2026-03-01,Scope 3,FAC004,Denver Production Kitchen,manufacturing,,,1,1,403.3515,66.1496,0.0661,1288.10,0.00005135
2025-11-01,Scope 3,FAC002,Clackamas Distribution Center,distribution,PL003,Infused Chocolates,18,18,5856.7983,3273.0354,3.2730,24785.79,0.00013205
2025-11-01,Scope 2,FAC002,Clackamas Distribution Center,distribution,,,1,1,25890.2700,4608.4681,4.6085,3863.25,0.00119290
2025-03-01,Scope 1,FAC003,Vancouver Warehouse,warehouse,,,2,2,1602.8200,12911.6152,12.9116,5354.69,0.00241127
2025-03-01,Scope 3,FAC004,Denver Production Kitchen,manufacturing,,,1,1,206.4300,247.7160,0.2477,1186.96,0.00020870
2025-08-01,Scope 1,FAC002,Clackamas Distribution Center,distribution,,,2,2,1406.4000,10937.5270,10.9375,3933.94,0.00278030
2025-11-01,Scope 3,FAC004,Denver Production Kitchen,manufacturing,PL003,Infused Chocolates,14,14,3597.3781,2135.3121,2.1353,22649.03,0.00009428
2025-12-01,Scope 1,FAC003,Vancouver Warehouse,warehouse,,,2,2,1548.7600,12553.7026,12.5537,4640.89,0.00270502
2025-10-01,Scope 3,FAC004,Denver Production Kitchen,manufacturing,PL001,Gummies,13,11,5660.8464,4588.7002,4.5887,15057.76,0.00030474
2026-03-01,Scope 1,FAC004,Denver Production Kitchen,manufacturing,,,1,1,2366.9300,12568.3983,12.5684,3424.04,0.00367063
2025-04-01,Scope 3,FAC003,Vancouver Warehouse,warehouse,PL002,Beverages,8,8,1657.0988,288.5236,0.2885,8887.02,0.00003247
2025-11-01,Scope 2,FAC005,Oakland Sales Office,office,,,1,1,6302.9400,1323.6174,1.3236,610.83,0.00216692
2025-12-01,Scope 3,FAC004,Denver Production Kitchen,manufacturing,,,1,1,149.6695,24.5458,0.0245,458.85,0.00005349
2025-02-01,Scope 3,FAC001,Portland Production Kitchen,manufacturing,PL001,Gummies,14,13,5924.1044,5031.3375,5.0313,21450.85,0.00023455
2025-05-01,Scope 2,FAC001,Portland Production Kitchen,manufacturing,,,1,0,,,,,
2026-01-01,Scope 2,FAC001,Portland Production Kitchen,manufacturing,,,1,1,58626.3800,10025.1110,10.0251,5768.26,0.00173798
2026-01-01,Scope 3,FAC002,Clackamas Distribution Center,distribution,PL003,Infused Chocolates,13,13,5322.7597,4620.2237,4.6202,16520.38,0.00027967
2026-02-01,Scope 1,FAC001,Portland Production Kitchen,manufacturing,,,1,1,2092.6800,11112.1308,11.1121,3344.29,0.00332272
2025-10-01,Scope 3,FAC001,Portland Production Kitchen,manufacturing,PL004,Packaging Shared,3,3,3377.8800,3902.3167,3.9023,6405.23,0.00060924
2025-01-01,Scope 3,FAC002,Clackamas Distribution Center,distribution,PL004,Packaging Shared,3,2,3237.9400,3642.2470,3.6422,3497.93,0.00104126
2026-03-01,Scope 3,FAC003,Vancouver Warehouse,warehouse,PL001,Gummies,11,10,2052.7614,1224.8227,1.2248,20021.55,0.00006118
2025-11-01,Scope 1,FAC002,Clackamas Distribution Center,distribution,,,2,2,1582.9100,13236.1131,13.2361,5290.57,0.00250183
2025-08-01,Scope 2,,,,,,1,0,,,,,
2025-06-01,Scope 3,FAC001,Portland Production Kitchen,manufacturing,PL002,Beverages,5,4,3356.3382,3939.1282,3.9391,6790.72,0.00058008
2025-02-01,Scope 1,FAC003,Vancouver Warehouse,warehouse,,,2,2,1465.9100,11567.9091,11.5679,4538.58,0.00254879
2026-01-01,Scope 3,FAC004,Denver Production Kitchen,manufacturing,PL004,Packaging Shared,4,4,3760.4200,4314.5152,4.3145,5487.01,0.00078631
2025-04-01,Scope 3,FAC003,Vancouver Warehouse,warehouse,PL003,Infused Chocolates,13,13,2840.4650,697.7846,0.6978,17434.98,0.00004002
2025-04-01,Scope 3,FAC001,Portland Production Kitchen,manufacturing,PL001,Gummies,13,13,3430.3774,2607.1625,2.6072,16939.25,0.00015391
2025-09-01,Scope 1,FAC004,Denver Production Kitchen,manufacturing,,,1,1,2295.5700,12189.4767,12.1895,3516.40,0.00346646
2025-09-01,Scope 1,FAC005,Oakland Sales Office,office,,,1,1,150.0500,1333.9445,1.3339,644.66,0.00206922
2025-07-01,Scope 3,FAC004,Denver Production Kitchen,manufacturing,PL002,Beverages,10,10,4829.5766,4401.1275,4.4011,12712.18,0.00034621
2025-07-01,Scope 3,FAC002,Clackamas Distribution Center,distribution,PL004,Packaging Shared,4,3,2820.1500,3367.4847,3.3675,4626.14,0.00072793
2025-07-01,Scope 2,FAC003,Vancouver Warehouse,warehouse,,,1,1,17704.1200,1805.8202,1.8058,1883.01,0.00095901
2025-01-01,Scope 1,FAC003,Vancouver Warehouse,warehouse,,,1,1,980.1600,10007.4336,10.0074,4808.76,0.00208108
2025-10-01,Scope 3,FAC002,Clackamas Distribution Center,distribution,PL002,Beverages,14,14,5213.3961,4198.6713,4.1987,18698.24,0.00022455
2025-02-01,Scope 3,FAC002,Clackamas Distribution Center,distribution,PL003,Infused Chocolates,9,9,5425.0518,4662.5972,4.6626,12976.17,0.00035932
2025-10-01,Scope 1,FAC001,Portland Production Kitchen,manufacturing,,,1,1,2214.3900,11758.4109,11.7584,2619.44,0.00448890
2025-08-01,Scope 3,FAC002,Clackamas Distribution Center,distribution,,,1,1,198.9280,32.6242,0.0326,800.22,0.00004077
2026-01-01,Scope 2,FAC004,Denver Production Kitchen,manufacturing,,,1,0,,,,,
2026-01-01,Scope 3,FAC003,Vancouver Warehouse,warehouse,PL002,Beverages,2,2,249.7955,275.2746,0.2753,5984.77,0.00004600
2025-05-01,Scope 1,FAC003,Vancouver Warehouse,warehouse,,,2,2,1602.9800,13129.4858,13.1295,4740.18,0.00276983
2026-03-01,Scope 3,FAC001,Portland Production Kitchen,manufacturing,,,1,1,472.1922,77.4395,0.0774,2061.94,0.00003756
2025-02-01,Scope 1,FAC002,Clackamas Distribution Center,distribution,,,2,2,1362.3200,11994.8572,11.9949,5159.16,0.00232496
2025-11-01,Scope 3,FAC004,Denver Production Kitchen,manufacturing,PL001,Gummies,11,11,5230.8887,4781.9502,4.7820,17110.85,0.00027947
2026-03-01,Scope 3,FAC003,Vancouver Warehouse,warehouse,,,1,1,207.0720,33.9598,0.0340,667.97,0.00005084
2025-06-01,Scope 3,FAC002,Clackamas Distribution Center,distribution,PL002,Beverages,13,12,6059.9099,4544.5305,4.5445,19435.97,0.00023382
2025-12-01,Scope 2,FAC005,Oakland Sales Office,office,,,1,1,9383.3700,1970.5077,1.9705,1216.10,0.00162035
2025-11-01,Scope 3,FAC004,Denver Production Kitchen,manufacturing,,,3,3,2698.8821,1935.8699,1.9359,3390.25,0.00057101
2025-08-01,Scope 1,FAC005,Oakland Sales Office,office,,,1,1,93.8000,833.8820,0.8339,423.82,0.00196754
2025-01-01,Scope 3,FAC001,Portland Production Kitchen,manufacturing,PL002,Beverages,8,7,3275.1979,3290.9877,3.2910,11384.17,0.00028908
2025-05-01,Scope 3,,,,PL003,Infused Chocolates,1,0,,,,,
2025-07-01,Scope 3,FAC004,Denver Production Kitchen,manufacturing,PL001,Gummies,13,13,5287.8126,3782.3606,3.7824,18111.89,0.00020883
2025-07-01,Scope 3,FAC002,Clackamas Distribution Center,distribution,PL002,Beverages,11,11,5390.3967,4837.3467,4.8373,13921.62,0.00034747
2025-12-01,Scope 1,FAC002,Clackamas Distribution Center,distribution,,,2,2,1350.8800,11510.7998,11.5108,4191.53,0.00274620
2025-03-01,Scope 3,FAC002,Clackamas Distribution Center,distribution,PL003,Infused Chocolates,10,10,3060.5804,2981.9876,2.9820,12092.89,0.00024659
2025-08-01,Scope 3,FAC003,Vancouver Warehouse,warehouse,PL002,Beverages,10,10,2306.6524,790.0044,0.7900,18954.46,0.00004168
2025-07-01,Scope 3,FAC003,Vancouver Warehouse,warehouse,PL001,Gummies,10,10,2287.0536,535.8519,0.5359,12935.33,0.00004143
2025-02-01,Scope 3,FAC004,Denver Production Kitchen,manufacturing,PL003,Infused Chocolates,18,17,9525.5650,6184.6731,6.1847,29524.06,0.00020948
2025-06-01,Scope 3,,,,PL001,Gummies,2,0,,,,,
2025-04-01,Scope 1,FAC005,Oakland Sales Office,office,,,1,1,148.0200,1315.8978,1.3159,685.39,0.00191993
2025-03-01,Scope 1,FAC004,Denver Production Kitchen,manufacturing,,,1,1,2198.9300,11676.3183,11.6763,2426.08,0.00481283
2025-11-01,Scope 3,,,,PL002,Beverages,1,0,,,,,
2025-02-01,Scope 3,FAC003,Vancouver Warehouse,warehouse,PL001,Gummies,5,5,1005.9586,504.7014,0.5047,9205.14,0.00005483
2025-09-01,Scope 3,FAC004,Denver Production Kitchen,manufacturing,PL001,Gummies,13,12,5762.9159,5527.1239,5.5271,19975.22,0.00027670
2025-12-01,Scope 3,,,,PL003,Infused Chocolates,4,0,,,,,
2025-09-01,Scope 3,FAC002,Clackamas Distribution Center,distribution,PL002,Beverages,14,13,5786.7158,4773.9742,4.7740,16405.10,0.00029101
2026-01-01,Scope 3,FAC002,Clackamas Distribution Center,distribution,PL002,Beverages,10,10,4172.7895,3747.9012,3.7479,15105.44,0.00024812
2025-06-01,Scope 3,FAC004,Denver Production Kitchen,manufacturing,,,3,3,3602.9790,3189.1010,3.1891,3801.45,0.00083892
2025-12-01,Scope 2,FAC003,Vancouver Warehouse,warehouse,,,1,1,20691.1300,2110.4953,2.1105,2759.72,0.00076475
2025-01-01,Scope 3,FAC004,Denver Production Kitchen,manufacturing,PL004,Packaging Shared,3,3,3487.8800,4084.9333,4.0849,5419.64,0.00075373
2025-12-01,Scope 3,,,,PL002,Beverages,2,0,,,,,
2025-08-01,Scope 2,FAC001,Portland Production Kitchen,manufacturing,,,1,1,47837.5100,8515.0768,8.5151,5361.42,0.00158821
2025-10-01,Scope 3,FAC002,Clackamas Distribution Center,distribution,PL003,Infused Chocolates,9,9,5560.0877,4906.8280,4.9068,16136.61,0.00030408
2025-07-01,Scope 2,FAC001,Portland Production Kitchen,manufacturing,,,1,1,51419.9500,9152.7511,9.1528,7249.68,0.00126250
2025-07-01,Scope 1,FAC002,Clackamas Distribution Center,distribution,,,2,2,1539.6900,11845.3639,11.8454,4648.94,0.00254797
2025-04-01,Scope 2,FAC002,Clackamas Distribution Center,distribution,,,1,1,25804.5900,4593.2170,4.5932,3141.80,0.00146197
2026-01-01,Scope 3,FAC004,Denver Production Kitchen,manufacturing,PL001,Gummies,10,10,5117.3824,3605.5007,3.6055,14471.72,0.00024914
2025-10-01,Scope 3,FAC003,Vancouver Warehouse,warehouse,PL001,Gummies,5,5,1284.7901,210.7056,0.2107,4424.47,0.00004762
2025-04-01,Scope 3,,,,PL001,Gummies,3,0,,,,,
2025-04-01,Scope 2,FAC004,Denver Production Kitchen,manufacturing,,,1,1,51531.3800,26384.0666,26.3841,6969.18,0.00378582
2025-10-01,Scope 3,,,,PL002,Beverages,1,0,,,,,
2025-05-01,Scope 3,FAC001,Portland Production Kitchen,manufacturing,PL001,Gummies,13,13,5202.6156,3998.6124,3.9986,14986.29,0.00026682
2025-04-01,Scope 1,FAC003,Vancouver Warehouse,warehouse,,,2,2,1555.7300,12192.1963,12.1922,4760.13,0.00256132
2026-02-01,Scope 3,FAC002,Clackamas Distribution Center,distribution,PL003,Infused Chocolates,9,9,4069.9901,3503.5721,3.5036,13913.52,0.00025181
2025-04-01,Scope 3,FAC002,Clackamas Distribution Center,distribution,PL003,Infused Chocolates,11,11,5624.3444,5007.0697,5.0071,18846.79,0.00026567
2025-08-01,Scope 2,FAC004,Denver Production Kitchen,manufacturing,,,1,1,54602.2400,27956.3469,27.9563,7874.62,0.00355018
2025-11-01,Scope 3,FAC003,Vancouver Warehouse,warehouse,PL003,Infused Chocolates,15,14,2958.9066,854.2057,0.8542,20654.80,0.00004136
2025-12-01,Scope 3,FAC003,Vancouver Warehouse,warehouse,PL002,Beverages,6,6,1900.5480,374.5516,0.3746,10524.90,0.00003559
2025-10-01,Scope 3,FAC003,Vancouver Warehouse,warehouse,PL002,Beverages,13,13,3852.7942,884.4604,0.8845,22086.60,0.00004005
2025-08-01,Scope 3,FAC001,Portland Production Kitchen,manufacturing,PL004,Packaging Shared,3,3,3966.0400,4420.4642,4.4205,5595.12,0.00079006
2025-03-01,Scope 3,FAC004,Denver Production Kitchen,manufacturing,PL003,Infused Chocolates,8,8,4829.1699,4085.0798,4.0851,11277.23,0.00036224
2026-03-01,Scope 1,FAC002,Clackamas Distribution Center,distribution,,,1,1,737.1200,3914.1072,3.9141,900.98,0.00434428
2026-01-01,Scope 1,FAC004,Denver Production Kitchen,manufacturing,,,1,1,2068.4400,10983.4164,10.9834,2582.72,0.00425265
2025-03-01,Scope 2,FAC002,Clackamas Distribution Center,distribution,,,1,1,24964.6400,4443.7059,4.4437,3201.33,0.00138808
2025-01-01,Scope 3,FAC001,Portland Production Kitchen,manufacturing,PL003,Infused Chocolates,9,9,2997.7316,2398.2377,2.3982,12038.67,0.00019921
2025-04-01,Scope 2,FAC005,Oakland Sales Office,office,,,1,1,7654.3700,1607.4177,1.6074,750.08,0.00214300
2025-06-01,Scope 3,FAC002,Clackamas Distribution Center,distribution,PL004,Packaging Shared,3,3,2702.3900,3358.5374,3.3585,4313.02,0.00077870
2025-06-01,Scope 1,FAC005,Oakland Sales Office,office,,,1,1,145.8700,1296.7843,1.2968,562.11,0.00230699
2025-10-01,Scope 1,FAC002,Clackamas Distribution Center,distribution,,,3,3,2405.8800,17197.5708,17.1976,6551.79,0.00262487
2025-03-01,Scope 3,FAC001,Portland Production Kitchen,manufacturing,PL003,Infused Chocolates,13,13,5720.8113,4536.2412,4.5362,21980.63,0.00020637
2025-07-01,Scope 3,FAC001,Portland Production Kitchen,manufacturing,PL004,Packaging Shared,3,3,3765.7500,4131.2454,4.1312,4409.65,0.00093686
2025-06-01,Scope 1,FAC004,Denver Production Kitchen,manufacturing,,,1,1,2120.9900,11262.4569,11.2625,2342.27,0.00480835
2025-07-01,Scope 1,FAC004,Denver Production Kitchen,manufacturing,,,1,1,2150.6900,11420.1639,11.4202,2734.75,0.00417594
2025-06-01,Scope 3,FAC002,Clackamas Distribution Center,distribution,,,1,1,128.6941,21.1058,0.0211,430.71,0.00004900
2025-12-01,Scope 3,FAC004,Denver Production Kitchen,manufacturing,PL003,Infused Chocolates,12,12,5425.6145,5326.7159,5.3267,16590.27,0.00032107
2025-04-01,Scope 3,FAC002,Clackamas Distribution Center,distribution,PL002,Beverages,12,12,5811.8812,4038.9577,4.0390,17610.06,0.00022936
2025-12-01,Scope 3,FAC001,Portland Production Kitchen,manufacturing,PL003,Infused Chocolates,17,17,7867.8502,5168.1307,5.1681,26365.12,0.00019602
2025-07-01,Scope 3,FAC002,Clackamas Distribution Center,distribution,,,1,0,,,,,
2025-02-01,Scope 3,FAC004,Denver Production Kitchen,manufacturing,PL002,Beverages,8,8,4627.5808,4565.2920,4.5653,13233.09,0.00034499
2025-06-01,Scope 3,FAC001,Portland Production Kitchen,manufacturing,PL004,Packaging Shared,3,3,2703.8800,3145.1744,3.1452,3422.34,0.00091901
2025-05-01,Scope 2,FAC003,Vancouver Warehouse,warehouse,,,1,1,18123.2300,1848.5695,1.8486,2871.74,0.00064371
2025-02-01,Scope 2,FAC004,Denver Production Kitchen,manufacturing,,,1,1,44994.9300,23037.4042,23.0374,6886.60,0.00334525
2025-03-01,Scope 2,FAC005,Oakland Sales Office,office,,,1,1,8366.0000,1756.8600,1.7569,1202.34,0.00146120
2025-08-01,Scope 3,FAC001,Portland Production Kitchen,manufacturing,PL002,Beverages,5,5,1488.0684,1472.6678,1.4727,7336.61,0.00020073
2025-04-01,Scope 3,FAC002,Clackamas Distribution Center,distribution,PL001,Gummies,10,10,5158.4609,3916.8398,3.9168,11613.70,0.00033726
2026-01-01,Scope 3,FAC001,Portland Production Kitchen,manufacturing,PL004,Packaging Shared,3,3,4405.2000,4848.5807,4.8486,4236.25,0.00114455
2025-03-01,Scope 2,FAC003,Vancouver Warehouse,warehouse,,,1,1,16419.5300,1674.7921,1.6748,1824.04,0.00091818
2025-05-01,Scope 1,FAC001,Portland Production Kitchen,manufacturing,,,1,1,2225.2000,11815.8120,11.8158,2914.47,0.00405419
2025-07-01,Scope 3,FAC002,Clackamas Distribution Center,distribution,PL003,Infused Chocolates,14,14,5543.2085,3301.8954,3.3019,16874.82,0.00019567
2026-03-01,Scope 3,FAC003,Vancouver Warehouse,warehouse,PL002,Beverages,11,11,2519.1914,784.7674,0.7848,17498.20,0.00004485
2025-03-01,Scope 3,,,,PL003,Infused Chocolates,1,0,,,,,
2025-07-01,Scope 3,FAC001,Portland Production Kitchen,manufacturing,PL002,Beverages,13,13,5194.9882,4907.7434,4.9077,22862.58,0.00021466
2026-02-01,Scope 3,FAC003,Vancouver Warehouse,warehouse,PL002,Beverages,8,8,2273.5198,583.1873,0.5832,10368.48,0.00005625
2026-03-01,Scope 1,FAC003,Vancouver Warehouse,warehouse,,,2,2,1259.1000,10106.7560,10.1068,3577.06,0.00282544
2025-04-01,Scope 3,,,,PL003,Infused Chocolates,2,0,,,,,
2025-09-01,Scope 3,,,,PL001,Gummies,2,0,,,,,
2026-03-01,Scope 3,,,,,,1,0,,,,,
2025-03-01,Scope 3,,,,PL002,Beverages,1,0,,,,,
2025-04-01,Scope 3,FAC004,Denver Production Kitchen,manufacturing,PL004,Packaging Shared,3,3,2723.9600,3437.4131,3.4374,3384.34,0.00101568
2025-05-01,Scope 3,FAC003,Vancouver Warehouse,warehouse,PL002,Beverages,7,7,2254.0443,662.9895,0.6630,9980.98,0.00006643
2025-04-01,Scope 3,FAC002,Clackamas Distribution Center,distribution,PL004,Packaging Shared,3,3,3150.5300,3622.7658,3.6228,4392.45,0.00082477
2025-12-01,Scope 1,FAC004,Denver Production Kitchen,manufacturing,,,1,1,2127.8000,11298.6180,11.2986,3201.50,0.00352916
2025-06-01,Scope 3,FAC002,Clackamas Distribution Center,distribution,PL001,Gummies,10,10,4164.4018,3646.3505,3.6464,13758.43,0.00026503
2026-02-01,Scope 3,FAC004,Denver Production Kitchen,manufacturing,PL001,Gummies,17,17,5870.9413,4134.0744,4.1341,23185.53,0.00017830
2025-06-01,Scope 3,FAC002,Clackamas Distribution Center,distribution,PL003,Infused Chocolates,12,12,5378.3958,4262.2199,4.2622,19489.17,0.00021870
2025-06-01,Scope 3,,,,PL002,Beverages,1,0,,,,,
2025-07-01,Scope 3,FAC001,Portland Production Kitchen,manufacturing,PL001,Gummies,9,9,4989.6840,4655.3322,4.6553,14067.54,0.00033093
2025-11-01,Scope 3,FAC002,Clackamas Distribution Center,distribution,PL001,Gummies,12,12,3588.5553,1738.2764,1.7383,19841.31,0.00008761
2025-01-01,Scope 1,FAC001,Portland Production Kitchen,manufacturing,,,1,1,2196.7800,11664.9018,11.6649,3702.62,0.00315045
2026-03-01,Scope 2,FAC002,Clackamas Distribution Center,distribution,,,1,1,28744.0300,4915.2291,4.9152,4473.10,0.00109884
2025-03-01,Scope 3,FAC002,Clackamas Distribution Center,distribution,PL001,Gummies,12,12,6733.6839,5630.0500,5.6300,23180.67,0.00024288
2025-03-01,Scope 3,FAC002,Clackamas Distribution Center,distribution,PL004,Packaging Shared,3,3,3548.5500,3929.2898,3.9293,3348.89,0.00117331
2025-07-01,Scope 3,FAC001,Portland Production Kitchen,manufacturing,,,2,2,3316.0187,3065.3348,3.0653,4889.18,0.00062696
2025-08-01,Scope 3,FAC004,Denver Production Kitchen,manufacturing,,,2,2,896.0095,1634.6177,1.6346,3035.43,0.00053851
2025-09-01,Scope 2,FAC001,Portland Production Kitchen,manufacturing,,,2,2,93753.4800,16688.1194,16.6881,8780.72,0.00190054
2025-12-01,Scope 3,FAC002,Clackamas Distribution Center,distribution,PL004,Packaging Shared,3,3,3436.5300,3903.1721,3.9032,3902.11,0.00100027
2025-04-01,Scope 1,FAC002,Clackamas Distribution Center,distribution,,,2,2,1275.3300,10840.4723,10.8405,3906.45,0.00277502
2025-07-01,Scope 3,,,,PL003,Infused Chocolates,2,0,,,,,
2025-06-01,Scope 1,FAC002,Clackamas Distribution Center,distribution,,,2,2,1841.3500,14477.6485,14.4776,5605.07,0.00258296
2026-02-01,Scope 3,FAC002,Clackamas Distribution Center,distribution,PL004,Packaging Shared,3,3,2862.0200,3332.0134,3.3320,3429.13,0.00097168
2025-07-01,Scope 3,FAC002,Clackamas Distribution Center,distribution,PL001,Gummies,8,8,4469.8849,3975.4776,3.9755,8490.75,0.00046821
2025-05-01,Scope 1,FAC002,Clackamas Distribution Center,distribution,,,2,2,1307.0600,10410.5706,10.4106,3882.02,0.00268174
2025-01-01,Scope 2,FAC005,Oakland Sales Office,office,,,1,1,8625.7000,1811.3970,1.8114,1148.58,0.00157708
2025-04-01,Scope 1,FAC004,Denver Production Kitchen,manufacturing,,,1,1,2226.9500,11825.1045,11.8251,3370.99,0.00350790
2025-07-01,Scope 3,FAC003,Vancouver Warehouse,warehouse,PL003,Infused Chocolates,7,7,2159.3896,721.1351,0.7211,11113.65,0.00006489
2025-12-01,Scope 2,FAC004,Denver Production Kitchen,manufacturing,,,1,1,58531.2900,29968.0205,29.9680,8644.22,0.00346683
2026-03-01,Scope 3,,,,PL003,Infused Chocolates,3,0,,,,,
2025-01-01,Scope 1,FAC002,Clackamas Distribution Center,distribution,,,3,2,1898.6800,15587.0918,15.5871,6187.70,0.00251904
2025-08-01,Scope 3,FAC002,Clackamas Distribution Center,distribution,PL002,Beverages,8,5,3859.6031,2652.3447,2.6523,7030.40,0.00037727
2025-03-01,Scope 3,FAC001,Portland Production Kitchen,manufacturing,PL002,Beverages,11,11,6255.4374,5121.0982,5.1211,19282.37,0.00026558
2025-11-01,Scope 3,FAC001,Portland Production Kitchen,manufacturing,PL003,Infused Chocolates,11,11,5285.1438,4614.8662,4.6149,19945.75,0.00023137
2025-11-01,Scope 3,FAC002,Clackamas Distribution Center,distribution,PL002,Beverages,20,18,7212.5125,4744.0337,4.7440,22029.99,0.00021534
2025-02-01,Scope 3,FAC003,Vancouver Warehouse,warehouse,,,2,2,267.3818,90.9100,0.0909,3643.76,0.00002495
2025-02-01,Scope 2,FAC002,Clackamas Distribution Center,distribution,,,1,1,24449.7900,4352.0626,4.3521,3786.60,0.00114933
2026-02-01,Scope 3,FAC002,Clackamas Distribution Center,distribution,PL001,Gummies,10,10,4530.1944,4296.8157,4.2968,14850.86,0.00028933
2026-02-01,Scope 3,FAC004,Denver Production Kitchen,manufacturing,PL003,Infused Chocolates,11,11,2751.5635,1584.6811,1.5847,13055.11,0.00012138
2026-01-01,Scope 3,FAC004,Denver Production Kitchen,manufacturing,PL003,Infused Chocolates,12,11,3227.6999,1697.4162,1.6974,12754.67,0.00013308
2025-12-01,Scope 2,FAC002,Clackamas Distribution Center,distribution,,,1,1,31744.8300,5650.5797,5.6506,4690.48,0.00120469
2026-02-01,Scope 2,FAC005,Oakland Sales Office,office,,,1,1,7398.9100,1464.9842,1.4650,763.59,0.00191855
2025-07-01,Scope 2,FAC002,Clackamas Distribution Center,distribution,,,1,1,30959.2200,5510.7412,5.5107,4289.17,0.00128480
2025-10-01,Scope 3,FAC002,Clackamas Distribution Center,distribution,PL004,Packaging Shared,3,3,3263.2800,3948.3290,3.9483,3751.62,0.00105243
2025-10-01,Scope 2,FAC002,Clackamas Distribution Center,distribution,,,1,1,29069.8900,5174.4404,5.1744,4248.94,0.00121782
2025-01-01,Scope 3,FAC003,Vancouver Warehouse,warehouse,PL001,Gummies,12,12,3211.7071,526.7200,0.5267,14512.94,0.00003629
2025-06-01,Scope 3,FAC004,Denver Production Kitchen,manufacturing,PL001,Gummies,11,10,2142.5055,1699.4448,1.6994,12397.77,0.00013708
2025-04-01,Scope 3,FAC003,Vancouver Warehouse,warehouse,PL001,Gummies,6,6,1725.8142,307.9197,0.3079,8033.36,0.00003833
2025-12-01,Scope 3,FAC003,Vancouver Warehouse,warehouse,PL001,Gummies,12,12,2680.2411,938.6268,0.9386,17268.89,0.00005435
2025-05-01,Scope 3,FAC002,Clackamas Distribution Center,distribution,PL003,Infused Chocolates,10,10,2713.4286,2088.1527,2.0882,14569.68,0.00014332
2026-03-01,Scope 1,FAC005,Oakland Sales Office,office,,,1,0,,,,,
2025-09-01,Scope 2,FAC002,Clackamas Distribution Center,distribution,,,1,1,23681.3400,4215.2785,4.2153,3038.07,0.00138749
2026-01-01,Scope 3,,,,PL003,Infused Chocolates,3,0,,,,,
2025-02-01,Scope 3,FAC001,Portland Production Kitchen,manufacturing,PL003,Infused Chocolates,8,8,4139.2750,3566.0161,3.5660,8662.98,0.00041164
2026-02-01,Scope 3,FAC002,Clackamas Distribution Center,distribution,PL002,Beverages,14,14,5373.2364,4404.4770,4.4045,18886.65,0.00023321
2025-01-01,Scope 3,FAC004,Denver Production Kitchen,manufacturing,PL003,Infused Chocolates,15,15,7163.2709,4929.8530,4.9299,19813.79,0.00024881
2025-02-01,Scope 3,FAC003,Vancouver Warehouse,warehouse,PL003,Infused Chocolates,12,12,2901.0301,1244.0417,1.2440,20602.84,0.00006038
2025-03-01,Scope 2,FAC004,Denver Production Kitchen,manufacturing,,,1,1,44776.5100,22925.5731,22.9256,4896.93,0.00468162
2025-06-01,Scope 3,FAC003,Vancouver Warehouse,warehouse,PL002,Beverages,10,10,2002.6784,534.3418,0.5343,12960.65,0.00004123
2026-02-01,Scope 3,FAC003,Vancouver Warehouse,warehouse,,,1,1,192.1260,31.5087,0.0315,1004.95,0.00003135
2025-08-01,Scope 3,FAC004,Denver Production Kitchen,manufacturing,PL004,Packaging Shared,3,3,3020.9800,3592.3161,3.5923,3241.44,0.00110825
2026-03-01,Scope 3,FAC001,Portland Production Kitchen,manufacturing,PL003,Infused Chocolates,12,11,2515.1648,1748.2612,1.7483,13968.26,0.00012516
2026-03-01,Scope 3,,,,PL001,Gummies,2,0,,,,,
2026-01-01,Scope 1,FAC001,Portland Production Kitchen,manufacturing,,,1,1,2564.3000,13616.4330,13.6164,3447.12,0.00395009
2025-10-01,Scope 3,FAC003,Vancouver Warehouse,warehouse,,,1,1,279.4757,45.8340,0.0458,1217.87,0.00003763
2025-03-01,Scope 1,FAC005,Oakland Sales Office,office,,,1,1,129.9000,1154.8110,1.1548,590.23,0.00195654
2026-03-01,Scope 3,FAC001,Portland Production Kitchen,manufacturing,PL001,Gummies,8,8,3961.1895,3612.8969,3.6129,13071.24,0.00027640
2025-04-01,Scope 2,FAC003,Vancouver Warehouse,warehouse,,,1,1,19379.7800,1976.7376,1.9767,2031.26,0.00097316
2025-10-01,Scope 3,,,,PL001,Gummies,2,0,,,,,
2025-10-01,Scope 1,FAC005,Oakland Sales Office,office,,,1,1,116.3400,1034.2626,1.0343,514.83,0.00200894
2026-01-01,Scope 3,,,,PL001,Gummies,1,0,,,,,
2026-02-01,Scope 3,FAC004,Denver Production Kitchen,manufacturing,PL004,Packaging Shared,3,3,3270.3100,3769.2278,3.7692,3698.60,0.00101910
2025-10-01,Scope 3,FAC002,Clackamas Distribution Center,distribution,PL001,Gummies,14,13,6760.9781,4700.3838,4.7004,19839.26,0.00023692
2025-12-01,Scope 3,FAC001,Portland Production Kitchen,manufacturing,PL001,Gummies,21,20,8731.2783,5640.6966,5.6407,34385.76,0.00016404
2025-01-01,Scope 3,FAC001,Portland Production Kitchen,manufacturing,PL004,Packaging Shared,3,3,3029.2200,3624.2296,3.6242,3521.48,0.00102918
2025-10-01,Scope 3,FAC004,Denver Production Kitchen,manufacturing,PL002,Beverages,12,11,5301.1412,4506.4025,4.5064,17076.45,0.00026390
2025-01-01,Scope 3,FAC003,Vancouver Warehouse,warehouse,PL002,Beverages,15,15,3103.3967,1383.2878,1.3833,26321.58,0.00005255
2025-11-01,Scope 3,FAC003,Vancouver Warehouse,warehouse,PL001,Gummies,13,13,2433.1711,643.3852,0.6434,17472.29,0.00003682
2025-07-01,Scope 1,FAC003,Vancouver Warehouse,warehouse,,,2,2,1641.9400,13110.4244,13.1104,5427.55,0.00241553
2025-11-01,Scope 1,FAC003,Vancouver Warehouse,warehouse,,,2,2,1850.9400,14409.1584,14.4092,5631.19,0.00255881
2025-05-01,Scope 3,,,,PL002,Beverages,1,0,,,,,
2026-02-01,Scope 3,FAC004,Denver Production Kitchen,manufacturing,,,3,3,3318.7821,2536.8463,2.5368,3312.11,0.00076593
2026-01-01,Scope 3,FAC003,Vancouver Warehouse,warehouse,PL001,Gummies,3,3,700.1833,243.9127,0.2439,4064.74,0.00006001
2025-07-01,Scope 3,,,,PL002,Beverages,2,0,,,,,
2026-03-01,Scope 3,FAC002,Clackamas Distribution Center,distribution,,,3,3,3449.2625,3016.2571,3.0163,3813.47,0.00079095
2025-08-01,Scope 3,FAC003,Vancouver Warehouse,warehouse,PL001,Gummies,13,13,2883.9850,599.2271,0.5992,16063.90,0.00003730
2025-06-01,Scope 3,FAC003,Vancouver Warehouse,warehouse,PL001,Gummies,10,10,3194.2227,690.3319,0.6903,14963.40,0.00004613
2025-08-01,Scope 1,FAC004,Denver Production Kitchen,manufacturing,,,1,1,2203.7100,11701.7001,11.7017,3540.25,0.00330533
2025-03-01,Scope 3,FAC001,Portland Production Kitchen,manufacturing,PL001,Gummies,13,13,5409.4423,4704.4442,4.7044,19689.10,0.00023894
2025-11-01,Scope 3,FAC004,Denver Production Kitchen,manufacturing,PL004,Packaging Shared,3,3,4298.8300,4890.9898,4.8910,6022.73,0.00081209
2025-11-01,Scope 3,FAC001,Portland Production Kitchen,manufacturing,PL001,Gummies,17,17,7150.7537,4491.7850,4.4918,22708.28,0.00019780
2025-06-01,Scope 2,FAC004,Denver Production Kitchen,manufacturing,,,1,1,49520.3400,25354.4141,25.3544,5395.60,0.00469909
2025-02-01,Scope 3,FAC004,Denver Production Kitchen,manufacturing,PL001,Gummies,8,8,4504.5998,4337.2155,4.3372,14800.40,0.00029305
2026-02-01,Scope 2,FAC004,Denver Production Kitchen,manufacturing,,,1,1,48833.4500,24074.8909,24.0749,6815.87,0.00353218
2025-07-01,Scope 1,FAC001,Portland Production Kitchen,manufacturing,,,1,1,2249.4700,11944.6857,11.9447,2901.00,0.00411744
2025-08-01,Scope 3,FAC004,Denver Production Kitchen,manufacturing,PL001,Gummies,12,12,4286.6241,3296.6851,3.2967,19539.80,0.00016872
2025-06-01,Scope 3,FAC001,Portland Production Kitchen,manufacturing,PL001,Gummies,10,10,5501.4606,4133.5038,4.1335,14060.34,0.00029398
2026-03-01,Scope 2,FAC003,Vancouver Warehouse,warehouse,,,1,1,18879.1700,1831.2795,1.8313,2834.80,0.00064600
2025-09-01,Scope 2,FAC005,Oakland Sales Office,office,,,1,1,7797.6600,1637.5086,1.6375,958.31,0.00170875
2025-09-01,Scope 3,FAC001,Portland Production Kitchen,manufacturing,PL003,Infused Chocolates,8,8,4329.5554,3157.1492,3.1571,7410.73,0.00042602
2026-01-01,Scope 1,FAC002,Clackamas Distribution Center,distribution,,,2,2,1599.5500,12790.7145,12.7907,4275.71,0.00299148
2025-04-01,Scope 3,FAC001,Portland Production Kitchen,manufacturing,PL004,Packaging Shared,4,4,3284.7400,4240.5475,4.2405,7835.29,0.00054121
2025-11-01,Scope 2,FAC001,Portland Production Kitchen,manufacturing,,,1,1,44006.5200,7833.1606,7.8332,4772.67,0.00164125
2025-08-01,Scope 2,FAC003,Vancouver Warehouse,warehouse,,,1,1,20687.3200,2110.1066,2.1101,1930.49,0.00109304
2025-06-01,Scope 1,FAC003,Vancouver Warehouse,warehouse,,,2,1,1036.5000,10582.6650,10.5827,4546.57,0.00232762
2026-03-01,Scope 3,FAC001,Portland Production Kitchen,manufacturing,PL002,Beverages,7,7,3523.4995,3188.1616,3.1882,7531.70,0.00042330
2025-02-01,Scope 3,,,,PL001,Gummies,1,0,,,,,
2025-10-01,Scope 2,FAC005,Oakland Sales Office,office,,,1,1,7211.4100,1514.3961,1.5144,970.15,0.00156099
2025-04-01,Scope 3,FAC002,Clackamas Distribution Center,distribution,,,1,1,251.8057,41.2961,0.0413,1090.28,0.00003788
2025-03-01,Scope 2,FAC001,Portland Production Kitchen,manufacturing,,,1,1,50772.6100,9037.5246,9.0375,7574.14,0.00119321
2026-01-01,Scope 1,FAC003,Vancouver Warehouse,warehouse,,,2,1,696.3600,7109.8356,7.1098,3699.51,0.00192183
2025-10-01,Scope 3,FAC004,Denver Production Kitchen,manufacturing,PL004,Packaging Shared,4,4,3326.9600,3832.9854,3.8330,5133.75,0.00074662
2025-06-01,Scope 1,FAC001,Portland Production Kitchen,manufacturing,,,1,1,2102.6800,11165.2308,11.1652,2875.57,0.00388279
2025-09-01,Scope 3,FAC002,Clackamas Distribution Center,distribution,PL004,Packaging Shared,3,3,5012.0100,5446.9545,5.4470,3068.94,0.00177487
2025-02-01,Scope 3,,,,PL003,Infused Chocolates,2,0,,,,,
2026-03-01,Scope 2,FAC001,Portland Production Kitchen,manufacturing,,,1,1,53199.3400,9097.0871,9.0971,6617.51,0.00137470
2025-01-01,Scope 3,,,,PL002,Beverages,2,0,,,,,
2025-05-01,Scope 3,FAC002,Clackamas Distribution Center,distribution,PL001,Gummies,9,9,4968.9957,3926.7155,3.9267,11440.16,0.00034324
2026-03-01,Scope 1,,,,,,2,0,,,,,
2025-11-01,Scope 1,FAC001,Portland Production Kitchen,manufacturing,,,1,1,2072.7200,11006.1432,11.0061,3061.87,0.00359458
2026-03-01,Scope 3,FAC004,Denver Production Kitchen,manufacturing,PL003,Infused Chocolates,13,13,8179.1213,6948.3221,6.9483,18616.49,0.00037323
2025-05-01,Scope 3,FAC004,Denver Production Kitchen,manufacturing,PL003,Infused Chocolates,16,15,6683.1009,5404.7137,5.4047,22360.92,0.00024170
2025-05-01,Scope 3,FAC003,Vancouver Warehouse,warehouse,PL001,Gummies,10,10,2751.1623,934.8068,0.9348,19733.60,0.00004737
2025-01-01,Scope 3,FAC004,Denver Production Kitchen,manufacturing,PL002,Beverages,16,16,7300.2949,5708.3489,5.7083,22664.97,0.00025186
2025-12-01,Scope 3,FAC001,Portland Production Kitchen,manufacturing,PL004,Packaging Shared,3,3,2598.0400,2953.0991,2.9531,4363.49,0.00067677
2025-04-01,Scope 1,FAC001,Portland Production Kitchen,manufacturing,,,1,1,2348.2100,12468.9951,12.4690,3603.76,0.00346000
2025-03-01,Scope 3,FAC003,Vancouver Warehouse,warehouse,PL002,Beverages,6,6,1062.4651,210.8521,0.2109,8782.14,0.00002401
2026-02-01,Scope 3,FAC001,Portland Production Kitchen,manufacturing,PL001,Gummies,11,11,3925.7384,3516.2029,3.5162,18235.17,0.00019283
2026-03-01,Scope 2,FAC004,Denver Production Kitchen,manufacturing,,,1,1,44853.1800,22112.6177,22.1126,5922.18,0.00373386
2025-06-01,Scope 3,FAC003,Vancouver Warehouse,warehouse,PL003,Infused Chocolates,12,12,3458.3541,753.6302,0.7536,15441.70,0.00004880
2025-08-01,Scope 3,FAC001,Portland Production Kitchen,manufacturing,PL001,Gummies,10,10,5657.2759,5463.6841,5.4637,16939.13,0.00032255
2025-09-01,Scope 3,FAC003,Vancouver Warehouse,warehouse,PL001,Gummies,8,8,1775.0205,382.0879,0.3821,12047.45,0.00003172
2025-01-01,Scope 3,FAC001,Portland Production Kitchen,manufacturing,,,1,1,286.3247,46.9573,0.0470,1164.85,0.00004031
2025-02-01,Scope 3,FAC001,Portland Production Kitchen,manufacturing,PL002,Beverages,12,12,4687.6085,3688.2032,3.6882,15198.66,0.00024267
2025-07-01,Scope 3,FAC003,Vancouver Warehouse,warehouse,PL002,Beverages,4,4,1123.7035,341.7583,0.3418,5102.13,0.00006698
2026-03-01,Scope 3,FAC001,Portland Production Kitchen,manufacturing,PL004,Packaging Shared,3,3,2984.7800,3501.2581,3.5013,3575.68,0.00097919
2025-09-01,Scope 3,,,,PL002,Beverages,2,0,,,,,
2025-11-01,Scope 3,FAC002,Clackamas Distribution Center,distribution,,,2,2,433.1930,170.0923,0.1701,2118.72,0.00008028
2026-03-01,Scope 3,FAC004,Denver Production Kitchen,manufacturing,PL002,Beverages,12,12,6042.0339,4899.9921,4.9000,14500.65,0.00033792
2026-02-01,Scope 3,FAC001,Portland Production Kitchen,manufacturing,PL002,Beverages,8,8,5450.2095,4706.6700,4.7067,10461.36,0.00044991
2026-03-01,Scope 3,FAC003,Vancouver Warehouse,warehouse,PL003,Infused Chocolates,10,10,2764.7172,955.5149,0.9555,21129.99,0.00004522
2026-02-01,Scope 1,FAC005,Oakland Sales Office,office,,,1,1,101.8100,905.0909,0.9051,447.09,0.00202440
2025-04-01,Scope 3,FAC004,Denver Production Kitchen,manufacturing,PL002,Beverages,7,7,3903.0658,3490.7858,3.4908,11737.17,0.00029741
2026-01-01,Scope 3,FAC003,Vancouver Warehouse,warehouse,PL003,Infused Chocolates,8,8,2323.6093,381.0719,0.3811,10357.27,0.00003679
2025-03-01,Scope 3,FAC004,Denver Production Kitchen,manufacturing,PL004,Packaging Shared,3,3,3176.5100,3734.5183,3.7345,5191.39,0.00071937
2025-09-01,Scope 2,FAC003,Vancouver Warehouse,warehouse,,,1,1,17401.0200,1774.9040,1.7749,1845.99,0.00096149
2026-03-01,Scope 3,,,,PL002,Beverages,1,0,,,,,
2025-11-01,Scope 3,FAC001,Portland Production Kitchen,manufacturing,,,3,3,1241.3769,203.5858,0.2036,4916.37,0.00004141
2025-02-01,Scope 3,FAC002,Clackamas Distribution Center,distribution,,,1,1,207.0562,33.9572,0.0340,979.84,0.00003466
2025-01-01,Scope 3,,,,PL004,Packaging Shared,1,0,,,,,
2025-06-01,Scope 3,,,,PL003,Infused Chocolates,1,0,,,,,
2025-03-01,Scope 3,,,,PL001,Gummies,1,0,,,,,
2025-07-01,Scope 3,FAC004,Denver Production Kitchen,manufacturing,PL003,Infused Chocolates,19,19,6937.3020,5299.2699,5.2993,25776.32,0.00020559
2025-12-01,Scope 3,FAC001,Portland Production Kitchen,manufacturing,PL002,Beverages,11,11,5270.6059,4806.9215,4.8069,17637.04,0.00027255
2025-01-01,Scope 3,FAC001,Portland Production Kitchen,manufacturing,PL001,Gummies,10,9,5141.3934,4309.8930,4.3099,11051.57,0.00038998
2025-09-01,Scope 3,FAC001,Portland Production Kitchen,manufacturing,,,2,2,635.8900,1311.0955,1.3111,2265.03,0.00057884
2025-12-01,Scope 3,FAC002,Clackamas Distribution Center,distribution,PL001,Gummies,18,17,4278.6675,2010.0514,2.0101,23078.40,0.00008710
2025-01-01,Scope 3,FAC002,Clackamas Distribution Center,distribution,PL002,Beverages,17,17,6432.5409,4244.4735,4.2445,26912.48,0.00015771
2025-07-01,Scope 3,FAC003,Vancouver Warehouse,warehouse,,,1,1,250.0699,41.0115,0.0410,1223.80,0.00003351
2025-08-01,Scope 1,FAC003,Vancouver Warehouse,warehouse,,,2,2,1670.2800,13330.3918,13.3304,4666.62,0.00285654
2025-01-01,Scope 1,FAC005,Oakland Sales Office,office,,,1,1,147.2800,1309.3192,1.3093,669.65,0.00195523
2025-02-01,Scope 1,FAC004,Denver Production Kitchen,manufacturing,,,1,1,2031.8900,10789.3359,10.7893,2691.16,0.00400918
2025-03-01,Scope 1,FAC002,Clackamas Distribution Center,distribution,,,2,2,1274.7700,10317.2657,10.3173,3881.35,0.00265816
2025-11-01,Scope 3,FAC002,Clackamas Distribution Center,distribution,PL004,Packaging Shared,2,2,2546.2300,2902.1791,2.9022,1732.11,0.00167552
2025-09-01,Scope 3,FAC001,Portland Production Kitchen,manufacturing,PL002,Beverages,12,12,5052.0635,3727.1114,3.7271,19929.96,0.00018701
2026-01-01,Scope 2,FAC005,Oakland Sales Office,office,,,1,1,9198.6600,1821.3347,1.8213,1419.93,0.00128269
2025-05-01,Scope 3,,,,PL001,Gummies,2,0,,,,,
2025-11-01,Scope 3,,,,PL003,Infused Chocolates,1,0,,,,,
2025-10-01,Scope 3,FAC001,Portland Production Kitchen,manufacturing,PL003,Infused Chocolates,11,9,4892.6344,4447.2467,4.4472,15043.20,0.00029563
2025-11-01,Scope 2,FAC004,Denver Production Kitchen,manufacturing,,,1,1,43142.7200,22089.0726,22.0891,4437.05,0.00497832
2025-08-01,Scope 3,FAC004,Denver Production Kitchen,manufacturing,PL003,Infused Chocolates,17,15,2455.5355,1210.8197,1.2108,23115.84,0.00005238
2025-05-01,Scope 3,FAC003,Vancouver Warehouse,warehouse,PL003,Infused Chocolates,11,11,3175.8535,1097.8545,1.0979,18647.88,0.00005887
2025-10-01,Scope 2,FAC001,Portland Production Kitchen,manufacturing,,,1,1,45404.1800,8081.9440,8.0819,4667.72,0.00173145
2025-06-01,Scope 3,FAC001,Portland Production Kitchen,manufacturing,PL003,Infused Chocolates,15,14,6513.5392,4398.5918,4.3986,17414.85,0.00025258
2025-10-01,Scope 1,FAC004,Denver Production Kitchen,manufacturing,,,1,1,2192.6800,11643.1308,11.6431,3575.70,0.00325618
2025-08-01,Scope 3,FAC001,Portland Production Kitchen,manufacturing,,,2,2,251.0180,82.0936,0.0821,2853.14,0.00002877
2025-01-01,Scope 2,FAC001,Portland Production Kitchen,manufacturing,,,1,1,59312.5000,10557.6250,10.5576,6409.78,0.00164711
2025-04-01,Scope 2,FAC001,Portland Production Kitchen,manufacturing,,,1,1,46840.7800,8337.6588,8.3377,4696.22,0.00177540
2025-09-01,Scope 2,FAC004,Denver Production Kitchen,manufacturing,,,1,1,50339.5300,25773.8394,25.7738,7465.47,0.00345241
2025-01-01,Scope 3,FAC004,Denver Production Kitchen,manufacturing,PL001,Gummies,15,13,5239.8593,4220.9761,4.2210,15143.63,0.00027873
2025-11-01,Scope 3,,,,PL004,Packaging Shared,1,0,,,,,
2025-05-01,Scope 3,FAC004,Denver Production Kitchen,manufacturing,,,3,3,590.9878,179.8983,0.1799,4328.97,0.00004156
2025-02-01,Scope 2,FAC003,Vancouver Warehouse,warehouse,,,1,1,20077.9500,2047.9509,2.0480,1834.37,0.00111643
2026-02-01,Scope 3,FAC003,Vancouver Warehouse,warehouse,PL003,Infused Chocolates,12,12,2587.4024,1025.7718,1.0258,19786.87,0.00005184
2025-11-01,Scope 3,FAC004,Denver Production Kitchen,manufacturing,PL002,Beverages,9,9,4413.6485,3574.7950,3.5748,11622.31,0.00030758
2025-09-01,Scope 1,FAC002,Clackamas Distribution Center,distribution,,,2,2,1272.9800,9852.8448,9.8528,3470.81,0.00283877
2025-12-01,Scope 1,FAC005,Oakland Sales Office,office,,,1,1,166.8200,1483.0298,1.4830,763.40,0.00194266
2025-02-01,Scope 3,FAC002,Clackamas Distribution Center,distribution,PL002,Beverages,11,11,4585.0762,3311.9645,3.3120,16574.82,0.00019982
2025-02-01,Scope 2,FAC001,Portland Production Kitchen,manufacturing,,,1,1,51176.5800,9109.4312,9.1094,6079.68,0.00149834
2025-09-01,Scope 3,FAC001,Portland Production Kitchen,manufacturing,PL001,Gummies,8,8,4271.3074,3556.7821,3.5568,9016.06,0.00039449
2025-06-01,Scope 3,FAC004,Denver Production Kitchen,manufacturing,PL002,Beverages,9,9,5401.6260,4466.0264,4.4660,17230.72,0.00025919
2025-05-01,Scope 3,FAC001,Portland Production Kitchen,manufacturing,PL003,Infused Chocolates,11,11,5666.3238,4417.7591,4.4178,15835.87,0.00027897
2025-09-01,Scope 1,FAC003,Vancouver Warehouse,warehouse,,,2,2,1775.4200,13287.1122,13.2871,4789.00,0.00277451
2026-02-01,Scope 2,FAC002,Clackamas Distribution Center,distribution,,,1,1,25984.2300,4443.3033,4.4433,2688.78,0.00165254
2025-08-01,Scope 3,FAC002,Clackamas Distribution Center,distribution,PL003,Infused Chocolates,13,12,5385.1507,4996.5094,4.9965,20193.15,0.00024744
2026-01-01,Scope 3,FAC001,Portland Production Kitchen,manufacturing,PL003,Infused Chocolates,10,10,4258.2889,3573.8862,3.5739,16367.59,0.00021835
2025-08-01,Scope 3,FAC002,Clackamas Distribution Center,distribution,PL004,Packaging Shared,3,3,2784.6900,3098.9937,3.0990,5486.08,0.00056488
2026-03-01,Scope 3,FAC004,Denver Production Kitchen,manufacturing,PL001,Gummies,4,3,3178.7500,3448.4910,3.4485,5192.10,0.00066418
2025-03-01,Scope 3,FAC004,Denver Production Kitchen,manufacturing,PL002,Beverages,9,9,4152.0386,3199.9633,3.2000,10909.68,0.00029331
2026-02-01,Scope 1,FAC004,Denver Production Kitchen,manufacturing,,,1,1,2097.2000,11136.1320,11.1361,2912.06,0.00382414
2025-09-01,Scope 3,FAC004,Denver Production Kitchen,manufacturing,PL004,Packaging Shared,3,3,4152.4200,4450.8613,4.4509,3892.33,0.00114350
2025-02-01,Scope 3,FAC001,Portland Production Kitchen,manufacturing,,,2,2,511.0400,613.2480,0.6132,2676.74,0.00022910
2025-12-01,Scope 3,FAC004,Denver Production Kitchen,manufacturing,PL001,Gummies,9,9,4124.6934,3461.1487,3.4611,12830.00,0.00026977
2025-08-01,Scope 3,,,,PL002,Beverages,2,0,,,,,
2026-02-01,Scope 3,FAC001,Portland Production Kitchen,manufacturing,PL003,Infused Chocolates,10,10,4416.3818,4172.0302,4.1720,12560.34,0.00033216
2025-03-01,Scope 3,FAC002,Clackamas Distribution Center,distribution,PL002,Beverages,13,13,5414.5284,4556.7599,4.5568,22069.86,0.00020647
